Revue;IDLine;Copyright;Open Access;Special Issue;Article Type;Title;Translated Title;List of authors;List of affiliations;Corresponding author;Equal contribution;Handling editor;Dates;Abstract;Keywords;Translated keywords;Running title;Sections;Main text;Columns;Latin terms;Abbreviations;Symbol, units, equations, functions and numbers;Figures;Tables;Final sections;Supplementary material;References;Citation box;Appendices or Annexes;S2O Box
cagri;"[Journal shortened name], Volume, Article number ([Year])
Example: J. Eur. Opt. Society-Rapid Publ., 22, 62, 2026";"¸ [Name of the authors], Published by EDP Sciences, [Year] 
Example: J.M. Bertho and M. Bourguignon, Published by EDP Sciences, 2026
?	If there is one author : ¸ [Initial + Surname], Published by EDP Sciences, [Year] 
?	If there are two authors: ¸ [Initial + Surname and Initial + Surname], Published by EDP Sciences, [Year] 
?	If there are three or more authors: ¸ [Initial + Surname et al.], Published by EDP Sciences, [Year] ";"There must always be :
?	At the top of the page : the ?Open Access? logo
?	At the bottom of the page : the mention ?This is an Open Access article distributed under the terms of the Creative Commons Attribution License (https://creativecommons.org/licenses/by/4.0), which permits unrestricted use, distribution, and reproduction in any medium, provided the original work is properly cited. ?";"If the article belongs to a Special Issue or a Topical Issue, the name of the Special Issue should appear above the banner, like so:
Special Issue/Topical Issue - [Name of the Special Issue/Topical Issue]
Guest Editors: [Names of the Guest Editors]
The font should be the same as that of the main text.";"The article type is displayed on the banner, on the left.
It must be written identically to what is in SAGA. Please respect the uppercase/lowercase letters.";No capital in the title (only at the beginning of the first word of the title, for proper nouns, name of species?).;"No capital in the title (only at the beginning of the first word of the title, for proper nouns, name of species?).
The translated title is set in bold at the beginning of the translated abstract.";"Full first name + full last name.
The names are separated by commas, except for the last one, which is preceded by ?and?.
There is no full stop at the end of the list of authors.
Example:
Yi-Ping Wang1, Shi-Chuang Jiang1,2,* and Dong Sun1";"The list must be numbered if there is more than one affiliation.
There must be at least one address for each author.
The city and country must be included in the address.
No full stop at the end of the addresses and after acronyms (example: USA, PR China, UK, PO Box?).
Example:
1 School of Optoelectronic and Communication Engineering, Xiamen University of Technology, Xiamen 361024, PR China
2 Fujian Key Laboratory of Optoelectronic Technology and Devices, Xiamen University of Technology, Xiamen 361024, PR China";"Put this symbol ?*? after the name of the corresponding author.
Add this footnote: * Corresponding author: [e-mail of the corresponding author]";"When two authors contributed equally to the manuscript, add this symbol ??? after the names of each author.
Add this footnote: ? These authors contributed equally.";;Received: XX Month XXXX / Accepted: XX Month XXXX;The abstract is preceded by ?Abstract ?? in bold.;"Keywords: keyword 1 / keyword 2 / keyword 3?
?Keywords:? is in bold with an uppercase letter at the start. The keywords are all lowercase.";The translated abstract is preceded by ?R‚sum‚ ?? in bold.;"Centered and at the top of every page.
[Initial + surname of the first author ] et al.: [Journal shortened name], Volume, Article number ([Year])
Example: S. Mathy et al.: J. Eur. Opt. Society-Rapid Publ., 22, 62, 2026
[Initial + surname of the first author ] et al.: [Journal shortened name], Volume, Article number ([Year])
Example: S. Mathy et al.: J. Eur. Opt. Society-Rapid Publ., 22, 62, 2026";"The sections are numbered in Arabic numerals.
Example: 
1 Introduction
2 Theory";The main text of the article should be typeset in font size 10.;The main text should be typeset into two columns.;"Latin terms must appear in italic font (e.g., i.e., cf., et al., in situ, versus, vs., ab initio, a priori, via, in vitro, ad hoc, ...); unbreakable spaces within.";"The standard rules for abbreviation must be followed : https://www.scribbr.com/academic-writing/abbreviations-and-acronyms/.
2. When the authors use an abbreviation for the first time, the authors need to present both the spelled-out version and the short form. 
3. In the spelled-out version, capital letter for the initial letter of each word is only needed for the names of organization or person.";"All measurements, data and symbols (variables) should be given using international norms (ISO) and should always be written in italic.
SI units should be used: the unit ""litre"" should be abbreviated as ""L"" (also mL, æL, etc.), minutes as min, degrees as øC or K. All units should be typeset in roman. There must have a space between a number and its unit.
Equations that are referred to in the text should be numbered with the number on the right-hand side and should be numbered sequentially throughout the text (i.e., (1), (2), (3)). There is no punctuation at the end.";"All figures must be cited within the text.
?	Figures should be numbered sequentially as Figure 1, Figure 2, etc. 
?	They are referred to in the text as Figure 1, Figure 2,  (Fig. 1) etc.
?	Captions should be placed below the figure. The caption is mandatory. There must be a full-stop at the end.";"All tables must be cited within the text.
?	Tables should be numbered sequentially as Table 1, Table 2, etc. 
?	They are referred to in the text as Table 1, Table 2,  (Tab. 1) etc.
?	Captions should be placed above the table. The caption is mandatory. There must be a full-stop at the end.
?	Vertical lines are not permitted; horizontal lines should be kept to a minimum.";"Final sections are inserted just after the conclusion and just before the references.
The titles of the final sections should use the same font as the titles of other sections. The titles and the paragraphs of the final sections should be typeset in font size 9.
To know which final sections are mandatory, kindly check the [final section table].
The possible Final Declarations are:

?	Acknowledgments
?	Funding
If no funding has been provided, please include the statement ""This research did not receive any specific funding"".
?	Conflicts of interest
If no conflict of interest has been provided, please include the statement ""The authors declare that they have no competing interests to report"".
?	Data availability statement
There is a limited phrasing accepted for the Data availability statement, only one of the 5 below:
-	The research data associated with this article are available in [Name of public data repository], under the reference [DOI or other data identifier][1]
-	The research data are available on request from the authors
-	The research data associated with this article are included within the article
-	This article has no associated data generated and/or analyzed
-	Data associated with this article cannot be disclosed due to legal/ethical/other reason.
?	Author contribution statement";"Supplementary material appears after the final statements, before the references.
Example:
Supplementary Material
Name of the Supplementary Material. Short description (optional).
The supplementary material of this article is available at https://[journal]/[DOI]/olm.";"All references in the bibliographical index must correspond to the references cited in the text and vice versa. If not, ask the author when sending the proof.
All references must be numbered.

Remarks :
-	The titles of books and journals are not capitalized. 
-	No journal name begins with ?The?. 
Keep the DOI number if provided.

The journal uses the APA style:
https://pitt.libguides.com/citationhelp/apa2";"The citation box is right after the references.
Cite this article as: [Surname], [Initial]. ([Year]). ?[Title of the article]? [Name of the journal], [Volume]([Issue]), [Pagination]. 
Example: Weinstein, J. (2009). ?The market in Plato?s Republic.? Classical Philology, 104(4), 439-458. ";"The Appendices or Annexes are after the references.
They are in font size 9 pt.";
geotech;"[Journal shortened name], Volume, Article number ([Year])
Example: J. Eur. Opt. Society-Rapid Publ., 22, 62, 2026";"¸ [Name of the authors], Published by EDP Sciences, [Year] 
Example: J.M. Bertho and M. Bourguignon, Published by EDP Sciences, 2026
?	If there is one author : ¸ [Initial + Surname], Published by EDP Sciences, [Year] 
?	If there are two authors: ¸ [Initial + Surname and Initial + Surname], Published by EDP Sciences, [Year] 
?	If there are three or more authors: ¸ [Initial + Surname et al.], Published by EDP Sciences, [Year] ";/;"If the article belongs to a Special Issue or a Topical Issue, the name of the Special Issue should appear above the banner, like so:
Special Issue/Topical Issue - [Name of the Special Issue/Topical Issue]
Guest Editors: [Names of the Guest Editors]
The font should be the same as that of the main text.";"The article type is displayed on the banner, on the left.
It must be written identically to what is in SAGA. Please respect the uppercase/lowercase letters.";No capital in the title (only at the beginning of the first word of the title, for proper nouns, name of species?).;"No capital in the title (only at the beginning of the first word of the title, for proper nouns, name of species?).
The translated title is set in bold at the beginning of the translated abstract.";"Full first name + full last name.
The names are separated by commas, except for the last one, which is preceded by ?and?.
There is no full stop at the end of the list of authors.
Example:
Yi-Ping Wang1, Shi-Chuang Jiang1,2,* and Dong Sun2";"The list must be numbered if there is more than one affiliation.
There must be at least one address for each author.
The city and country must be included in the address.
No full stop at the end of the addresses and after acronyms (example: USA, PR China, UK, PO Box?).
Example:
1 School of Optoelectronic and Communication Engineering, Xiamen University of Technology, Xiamen 361024, PR China
2 Fujian Key Laboratory of Optoelectronic Technology and Devices, Xiamen University of Technology, Xiamen 361024, PR China";"Put this symbol ?*? after the name of the corresponding author.
Add this footnote: * Corresponding author: [e-mail of the corresponding author]";"When two authors contributed equally to the manuscript, add this symbol ??? after the names of each author.
Add this footnote: ? These authors contributed equally.";;Received: XX Month XXXX / Accepted: XX Month XXXX;The abstract is preceded by ?Abstract ?? in bold.;"Keywords: keyword 1 / keyword 2 / keyword 3?
?Keywords:? is in bold with an uppercase letter at the start. The keywords are all lowercase.";The translated abstract is preceded by ?R‚sum‚ ?? in bold.;"Centered and at the top of every page.
[Initial + surname of the first author ] et al.: [Journal shortened name], Volume, Article number ([Year])
Example: S. Mathy et al.: J. Eur. Opt. Society-Rapid Publ., 22, 62, 2026
[Initial + surname of the first author ] et al.: [Journal shortened name], Volume, Article number ([Year])
Example: S. Mathy et al.: J. Eur. Opt. Society-Rapid Publ., 22, 62, 2026";"The sections are numbered in Arabic numerals.
Example: 
1 Introduction
2 Theory";The main text of the article should be typeset in font size 10.;The main text should be typeset into two columns.;"Latin terms must appear in italic font (e.g., i.e., cf., et al., in situ, versus, vs., ab initio, a priori, via, in vitro, ad hoc, ...); unbreakable spaces within.";"The standard rules for abbreviation must be followed : https://www.scribbr.com/academic-writing/abbreviations-and-acronyms/.
2. When the authors use an abbreviation for the first time, the authors need to present both the spelled-out version and the short form. 
3. In the spelled-out version, capital letter for the initial letter of each word is only needed for the names of organization or person.";"All measurements, data and symbols (variables) should be given using international norms (ISO) and should always be written in italic.
SI units should be used: the unit ""litre"" should be abbreviated as ""L"" (also mL, æL, etc.), minutes as min, degrees as øC or K. All units should be typeset in roman. There must have a space between a number and its unit.
Equations that are referred to in the text should be numbered with the number on the right-hand side and should be numbered sequentially throughout the text (i.e., (1), (2), (3)). There is no punctuation at the end.";"All figures must be cited within the text.
?	Figures should be numbered sequentially as Figure 1, Figure 2, etc. 
?	They are referred to in the text as Figure 1, Figure 2,  (Fig. 1) etc.
?	Captions should be placed below the figure. The caption is mandatory. There must be a full-stop at the end.";"All tables must be cited within the text.
?	Tables should be numbered sequentially as Table 1, Table 2, etc. 
?	They are referred to in the text as Table 1, Table 2,  (Tab. 1) etc.
?	Captions should be placed above the table. The caption is mandatory. There must be a full-stop at the end.
?	Vertical lines are not permitted; horizontal lines should be kept to a minimum.";"Final sections are inserted just after the conclusion and just before the references.
The titles of the final sections should use the same font as the titles of other sections. The titles and the paragraphs of the final sections should be typeset in font size 9.
To know which final sections are mandatory, kindly check the [final section table].
The possible Final Declarations are:

?	Acknowledgments
?	Funding
If no funding has been provided, please include the statement ""This research did not receive any specific funding"".
?	Conflicts of interest
If no conflict of interest has been provided, please include the statement ""The authors declare that they have no competing interests to report"".
?	Data availability statement
There is a limited phrasing accepted for the Data availability statement, only one of the 5 below:
-	The research data associated with this article are available in [Name of public data repository], under the reference [DOI or other data identifier][1]
-	The research data are available on request from the authors
-	The research data associated with this article are included within the article
-	This article has no associated data generated and/or analyzed
-	Data associated with this article cannot be disclosed due to legal/ethical/other reason.
?	Author contribution statement";"Supplementary material appears after the final statements, before the references.
Example:
Supplementary Material
Name of the Supplementary Material. Short description (optional).
The supplementary material of this article is available at https://[journal]/[DOI]/olm.";"All references in the bibliographical index must correspond to the references cited in the text and vice versa. If not, ask the author when sending the proof.
All references must be numbered.

Remarks :
-	The titles of books and journals are not capitalized. 
-	No journal name begins with ?The?. 
Keep the DOI number if provided.

The journal uses the APA style:
https://pitt.libguides.com/citationhelp/apa1";"The citation box is right after the references.
Cite this article as: [Surname], [Initial]. ([Year]). ?[Title of the article]? [Name of the journal], [Volume]([Issue]), [Pagination]. 
Example: Weinstein, J. (2009). ?The market in Plato?s Republic.? Classical Philology, 104(4), 439-458. ";"The Appendices or Annexes are after the references.
They are in font size 9 pt.";
jbio;"[Journal shortened name], Volume(Issue), Page numbers([Year])
Example: J. Eur. Opt. Society-Rapid Publ., 22(1), 78-82, 2026";"¸ [Name of the authors], Published by EDP Sciences, [Year] 
Example: J.M. Bertho and M. Bourguignon, Published by EDP Sciences, 2026
?	If there is one author : ¸ [Initial + Surname], Published by EDP Sciences, [Year] 
?	If there are two authors: ¸ [Initial + Surname and Initial + Surname], Published by EDP Sciences, [Year] 
?	If there are three or more authors: ¸ [Initial + Surname et al.], Published by EDP Sciences, [Year] ";/;"If the article belongs to a Special Issue or a Topical Issue, the name of the Special Issue should appear above the banner, like so:
Special Issue/Topical Issue - [Name of the Special Issue/Topical Issue]
Guest Editors: [Names of the Guest Editors]
The font should be the same as that of the main text.";"The article type is displayed on the banner, on the left.
It must be written identically to what is in SAGA. Please respect the uppercase/lowercase letters.";No capital in the title (only at the beginning of the first word of the title, for proper nouns, name of species?).;/;"Full first name + full last name.
The names are separated by commas, except for the last one, which is preceded by ?and?.
There is no full stop at the end of the list of authors.
Example:
Yi-Ping Wang1, Shi-Chuang Jiang1,2,* and Dong Sun3";"The list must be numbered if there is more than one affiliation.
There must be at least one address for each author.
The city and country must be included in the address.
No full stop at the end of the addresses and after acronyms (example: USA, PR China, UK, PO Box?).
Example:
1 School of Optoelectronic and Communication Engineering, Xiamen University of Technology, Xiamen 361024, PR China
2 Fujian Key Laboratory of Optoelectronic Technology and Devices, Xiamen University of Technology, Xiamen 361024, PR China";"Put this symbol ?*? after the name of the corresponding author.
Add this footnote: * Corresponding author: [e-mail of the corresponding author]";"When two authors contributed equally to the manuscript, add this symbol ??? after the names of each author.
Add this footnote: ? These authors contributed equally.";;Received: XX Month XXXX / Accepted: XX Month XXXX;The abstract is preceded by ?Abstract ?? in bold.;"Keywords: keyword 1 / keyword 2 / keyword 3?
?Keywords:? is in bold with an uppercase letter at the start. The keywords are all lowercase.";The translated abstract is preceded by ?R‚sum‚ ?? in bold.;"Centered and at the top of every page.
[Initial + surname of the first author ] et al.: [Journal shortened name], Volume(Issue), Page numbers([Year])
Example: S. Mathy et al.: J. Eur. Opt. Society-Rapid Publ., 22(1), 78-82, 2026";"The sections are numbered in Arabic numerals.
Example: 
1 Introduction
2 Theory";The main text of the article should be typeset in font size 10.;The main text should be typeset into two columns.;"Latin terms must appear in italic font (e.g., i.e., cf., et al., in situ, versus, vs., ab initio, a priori, via, in vitro, ad hoc, ...); unbreakable spaces within.";"The standard rules for abbreviation must be followed : https://www.scribbr.com/academic-writing/abbreviations-and-acronyms/.
2. When the authors use an abbreviation for the first time, the authors need to present both the spelled-out version and the short form. 
3. In the spelled-out version, capital letter for the initial letter of each word is only needed for the names of organization or person.";"All measurements, data and symbols (variables) should be given using international norms (ISO) and should always be written in italic.
SI units should be used: the unit ""litre"" should be abbreviated as ""L"" (also mL, æL, etc.), minutes as min, degrees as øC or K. All units should be typeset in roman. There must have a space between a number and its unit.
Equations that are referred to in the text should be numbered with the number on the right-hand side and should be numbered sequentially throughout the text (i.e., (1), (2), (3)). There is no punctuation at the end.";"All figures must be cited within the text.
?	Figures should be numbered sequentially as Figure 1, Figure 2, etc. 
?	They are referred to in the text as Figure 1, Figure 2,  (Fig. 1) etc.
?	Captions should be placed below the figure. The caption is mandatory. There must be a full-stop at the end.";"All tables must be cited within the text.
?	Tables should be numbered sequentially as Table 1, Table 2, etc. 
?	They are referred to in the text as Table 1, Table 2,  (Tab. 1) etc.
?	Captions should be placed above the table. The caption is mandatory. There must be a full-stop at the end.
?	Vertical lines are not permitted; horizontal lines should be kept to a minimum.";"Final sections are inserted just after the conclusion and just before the references.
The titles of the final sections should use the same font as the titles of other sections. The titles and the paragraphs of the final sections should be typeset in font size 9.
To know which final sections are mandatory, kindly check the [final section table].
The possible Final Declarations are:

?	Acknowledgments
?	Funding
If no funding has been provided, please include the statement ""This research did not receive any specific funding"".
?	Conflicts of interest
If no conflict of interest has been provided, please include the statement ""The authors declare that they have no competing interests to report"".
?	Data availability statement
There is a limited phrasing accepted for the Data availability statement, only one of the 5 below:
-	The research data associated with this article are available in [Name of public data repository], under the reference [DOI or other data identifier][1]
-	The research data are available on request from the authors
-	The research data associated with this article are included within the article
-	This article has no associated data generated and/or analyzed
-	Data associated with this article cannot be disclosed due to legal/ethical/other reason.
?	Author contribution statement";"Supplementary material appears after the final statements, before the references.
Example:
Supplementary Material
Name of the Supplementary Material. Short description (optional).
The supplementary material of this article is available at https://[journal]/[DOI]/olm.";"All references in the bibliographical index must correspond to the references cited in the text and vice versa. If not, ask the author when sending the proof.
All references must be numbered.

Remarks :
-	The titles of books and journals are not capitalized. 
-	No journal name begins with ?The?. 
Keep the DOI number if provided.

The journal uses the APA style:
https://pitt.libguides.com/citationhelp/apa0";"The citation box is right after the references.
Cite this article as: [Surname], [Initial]. ([Year]). ?[Title of the article]? [Name of the journal], [Volume]([Issue]), [Pagination]. 
Example: Weinstein, J. (2009). ?The market in Plato?s Republic.? Classical Philology, 104(4), 439-458. ";"The Appendices or Annexes are after the references.
They are in font size 9 pt.";
tpe;"[Journal shortened name], Volume, Article number ([Year])
Example: J. Eur. Opt. Society-Rapid Publ., 22, 62, 2026";"¸ [Name of the authors], Published by EDP Sciences, [Year] 
Example: J.M. Bertho and M. Bourguignon, Published by EDP Sciences, 2026
?	If there is one author : ¸ [Initial + Surname], Published by EDP Sciences, [Year] 
?	If there are two authors: ¸ [Initial + Surname and Initial + Surname], Published by EDP Sciences, [Year] 
?	If there are three or more authors: ¸ [Initial + Surname et al.], Published by EDP Sciences, [Year] ";/;"If the article belongs to a Special Issue or a Topical Issue, the name of the Special Issue should appear above the banner, like so:
Special Issue/Topical Issue - [Name of the Special Issue/Topical Issue]
Guest Editors: [Names of the Guest Editors]
The font should be the same as that of the main text.";"The article type is displayed on the banner, on the left.
It must be written identically to what is in SAGA. Please respect the uppercase/lowercase letters.";No capital in the title (only at the beginning of the first word of the title, for proper nouns, name of species?).;"No capital in the title (only at the beginning of the first word of the title, for proper nouns, name of species?).
The translated title is set in bold at the beginning of the translated abstract.";"Full first name + full last name.
The names are separated by commas, except for the last one, which is preceded by ?and?.
There is no full stop at the end of the list of authors.
Example:
Yi-Ping Wang1, Shi-Chuang Jiang1,2,* and Dong Sun4";"The list must be numbered if there is more than one affiliation.
There must be at least one address for each author.
The city and country must be included in the address.
No full stop at the end of the addresses and after acronyms (example: USA, PR China, UK, PO Box?).
Example:
1 School of Optoelectronic and Communication Engineering, Xiamen University of Technology, Xiamen 361024, PR China
2 Fujian Key Laboratory of Optoelectronic Technology and Devices, Xiamen University of Technology, Xiamen 361024, PR China";"Put this symbol ?*? after the name of the corresponding author.
Add this footnote: * Corresponding author: [e-mail of the corresponding author]";"When two authors contributed equally to the manuscript, add this symbol ??? after the names of each author.
Add this footnote: ? These authors contributed equally.";;Received: XX Month XXXX / Accepted: XX Month XXXX;The abstract is preceded by ?Abstract ?? in bold.;"Keywords: keyword 1 / keyword 2 / keyword 3?
?Keywords:? is in bold with an uppercase letter at the start. The keywords are all lowercase.";The translated abstract is preceded by ?R‚sum‚ ?? in bold.;"Centered and at the top of every page.
[Initial + surname of the first author ] et al.: [Journal shortened name], Volume, Article number ([Year])
Example: S. Mathy et al.: J. Eur. Opt. Society-Rapid Publ., 22, 62, 2026
[Initial + surname of the first author ] et al.: [Journal shortened name], Volume, Article number ([Year])
Example: S. Mathy et al.: J. Eur. Opt. Society-Rapid Publ., 22, 62, 2026";"The sections are numbered in Arabic numerals.
Example: 
1 Introduction
2 Theory";The main text of the article should be typeset in font size 10.;The main text should be typeset into two columns.;"Latin terms must appear in italic font (e.g., i.e., cf., et al., in situ, versus, vs., ab initio, a priori, via, in vitro, ad hoc, ...); unbreakable spaces within.";"The standard rules for abbreviation must be followed : https://www.scribbr.com/academic-writing/abbreviations-and-acronyms/.
2. When the authors use an abbreviation for the first time, the authors need to present both the spelled-out version and the short form. 
3. In the spelled-out version, capital letter for the initial letter of each word is only needed for the names of organization or person.";"All measurements, data and symbols (variables) should be given using international norms (ISO) and should always be written in italic.
SI units should be used: the unit ""litre"" should be abbreviated as ""L"" (also mL, æL, etc.), minutes as min, degrees as øC or K. All units should be typeset in roman. There must have a space between a number and its unit.
Equations that are referred to in the text should be numbered with the number on the right-hand side and should be numbered sequentially throughout the text (i.e., (1), (2), (3)). There is no punctuation at the end.";"All figures must be cited within the text.
?	Figures should be numbered sequentially as Figure 1, Figure 2, etc. 
?	They are referred to in the text as Figure 1, Figure 2,  (Fig. 1) etc.
?	Captions should be placed below the figure. The caption is mandatory. There must be a full-stop at the end.";"All tables must be cited within the text.
?	Tables should be numbered sequentially as Table 1, Table 2, etc. 
?	They are referred to in the text as Table 1, Table 2,  (Tab. 1) etc.
?	Captions should be placed above the table. The caption is mandatory. There must be a full-stop at the end.
?	Vertical lines are not permitted; horizontal lines should be kept to a minimum.";"Final sections are inserted just after the conclusion and just before the references.
The titles of the final sections should use the same font as the titles of other sections. The titles and the paragraphs of the final sections should be typeset in font size 9.
To know which final sections are mandatory, kindly check the [final section table].
The possible Final Declarations are:

?	Acknowledgments
?	Funding
If no funding has been provided, please include the statement ""This research did not receive any specific funding"".
?	Conflicts of interest
If no conflict of interest has been provided, please include the statement ""The authors declare that they have no competing interests to report"".
?	Data availability statement
There is a limited phrasing accepted for the Data availability statement, only one of the 5 below:
-	The research data associated with this article are available in [Name of public data repository], under the reference [DOI or other data identifier][1]
-	The research data are available on request from the authors
-	The research data associated with this article are included within the article
-	This article has no associated data generated and/or analyzed
-	Data associated with this article cannot be disclosed due to legal/ethical/other reason.
?	Author contribution statement";"Supplementary material appears after the final statements, before the references.
Example:
Supplementary Material
Name of the Supplementary Material. Short description (optional).
The supplementary material of this article is available at https://[journal]/[DOI]/olm.";"All references in the bibliographical index must correspond to the references cited in the text and vice versa. If not, ask the author when sending the proof.
All references must be numbered.

Remarks :
-	The titles of books and journals are not capitalized. 
-	No journal name begins with ?The?. 
Keep the DOI number if provided.

The journal uses the APA style:
https://pitt.libguides.com/citationhelp/apa1";"The citation box is right after the references.
Cite this article as: [Surname], [Initial]. ([Year]). ?[Title of the article]? [Name of the journal], [Volume]([Issue]), [Pagination]. 
Example: Weinstein, J. (2009). ?The market in Plato?s Republic.? Classical Philology, 104(4), 439-458. ";"The Appendices or Annexes are after the references.
They are in font size 9 pt.";
bsgf;"[Journal shortened name], Volume, Article number ([Year])
Example: J. Eur. Opt. Society-Rapid Publ., 22, 62, 2026";"¸ [Name of the authors], Published by EDP Sciences, [Year] 
Example: J.M. Bertho and M. Bourguignon, Published by EDP Sciences, 2026
?	If there is one author : ¸ [Initial + Surname], Published by EDP Sciences, [Year] 
?	If there are two authors: ¸ [Initial + Surname and Initial + Surname], Published by EDP Sciences, [Year] 
?	If there are three or more authors: ¸ [Initial + Surname et al.], Published by EDP Sciences, [Year] ";"There must always be :
?	At the top of the page : the ?Open Access? logo
?	At the bottom of the page : the mention ?This is an Open Access article distributed under the terms of the Creative Commons Attribution License (https://creativecommons.org/licenses/by/4.0), which permits unrestricted use, distribution, and reproduction in any medium, provided the original work is properly cited. ?";"If the article belongs to a Special Issue or a Topical Issue, the name of the Special Issue should appear above the banner, like so:
Special Issue/Topical Issue - [Name of the Special Issue/Topical Issue]
Guest Editors: [Names of the Guest Editors]
The font should be the same as that of the main text.";"The article type is displayed on the banner, on the left.
It must be written identically to what is in SAGA. Please respect the uppercase/lowercase letters.";No capital in the title (only at the beginning of the first word of the title, for proper nouns, name of species?).;"No capital in the title (only at the beginning of the first word of the title, for proper nouns, name of species?).
The translated title is set in bold at the beginning of the translated abstract.";"Full first name + full last name.
The names are separated by commas, except for the last one, which is preceded by ?and?.
There is no full stop at the end of the list of authors.
Example:
Yi-Ping Wang1, Shi-Chuang Jiang1,2,* and Dong Sun5";"The list must be numbered if there is more than one affiliation.
There must be at least one address for each author.
The city and country must be included in the address.
No full stop at the end of the addresses and after acronyms (example: USA, PR China, UK, PO Box?).
Example:
1 School of Optoelectronic and Communication Engineering, Xiamen University of Technology, Xiamen 361024, PR China
2 Fujian Key Laboratory of Optoelectronic Technology and Devices, Xiamen University of Technology, Xiamen 361024, PR China";"Put this symbol ?*? after the name of the corresponding author.
Add this footnote: * Corresponding author: [e-mail of the corresponding author]";"When two authors contributed equally to the manuscript, add this symbol ??? after the names of each author.
Add this footnote: ? These authors contributed equally.";;Received: XX Month XXXX / Accepted: XX Month XXXX;The abstract is preceded by ?Abstract ?? in bold.;"Keywords: keyword 1 / keyword 2 / keyword 3?
?Keywords:? is in bold with an uppercase letter at the start. The keywords are all lowercase.";The translated abstract is preceded by ?R‚sum‚ ?? in bold.;"Centered and at the top of every page.
[Initial + surname of the first author ] et al.: [Journal shortened name], Volume, Article number ([Year])
Example: S. Mathy et al.: J. Eur. Opt. Society-Rapid Publ., 22, 62, 2026
[Initial + surname of the first author ] et al.: [Journal shortened name], Volume, Article number ([Year])
Example: S. Mathy et al.: J. Eur. Opt. Society-Rapid Publ., 22, 62, 2026";"The sections are numbered in Arabic numerals.
Example: 
1 Introduction
2 Theory";The main text of the article should be typeset in font size 10.;The main text should be typeset into two columns.;"Latin terms must appear in italic font (e.g., i.e., cf., et al., in situ, versus, vs., ab initio, a priori, via, in vitro, ad hoc, ...); unbreakable spaces within.";"The standard rules for abbreviation must be followed : https://www.scribbr.com/academic-writing/abbreviations-and-acronyms/.
2. When the authors use an abbreviation for the first time, the authors need to present both the spelled-out version and the short form. 
3. In the spelled-out version, capital letter for the initial letter of each word is only needed for the names of organization or person.";"All measurements, data and symbols (variables) should be given using international norms (ISO) and should always be written in italic.
SI units should be used: the unit ""litre"" should be abbreviated as ""L"" (also mL, æL, etc.), minutes as min, degrees as øC or K. All units should be typeset in roman. There must have a space between a number and its unit.
Equations that are referred to in the text should be numbered with the number on the right-hand side and should be numbered sequentially throughout the text (i.e., (1), (2), (3)). There is no punctuation at the end.";"All figures must be cited within the text.
?	Figures should be numbered sequentially as Figure 1, Figure 2, etc. 
?	They are referred to in the text as Figure 1, Figure 2,  (Fig. 1) etc.
?	Captions should be placed below the figure. The caption is mandatory. There must be a full-stop at the end.";"All tables must be cited within the text.
?	Tables should be numbered sequentially as Table 1, Table 2, etc. 
?	They are referred to in the text as Table 1, Table 2,  (Tab. 1) etc.
?	Captions should be placed above the table. The caption is mandatory. There must be a full-stop at the end.
?	Vertical lines are not permitted; horizontal lines should be kept to a minimum.";"Final sections are inserted just after the conclusion and just before the references.
The titles of the final sections should use the same font as the titles of other sections. The titles and the paragraphs of the final sections should be typeset in font size 9.
To know which final sections are mandatory, kindly check the [final section table].
The possible Final Declarations are:

?	Acknowledgments
?	Funding
If no funding has been provided, please include the statement ""This research did not receive any specific funding"".
?	Conflicts of interest
If no conflict of interest has been provided, please include the statement ""The authors declare that they have no competing interests to report"".
?	Data availability statement
There is a limited phrasing accepted for the Data availability statement, only one of the 5 below:
-	The research data associated with this article are available in [Name of public data repository], under the reference [DOI or other data identifier][1]
-	The research data are available on request from the authors
-	The research data associated with this article are included within the article
-	This article has no associated data generated and/or analyzed
-	Data associated with this article cannot be disclosed due to legal/ethical/other reason.
?	Author contribution statement";"Supplementary material appears after the final statements, before the references.
Example:
Supplementary Material
Name of the Supplementary Material. Short description (optional).
The supplementary material of this article is available at https://[journal]/[DOI]/olm.";"All references in the bibliographical index must correspond to the references cited in the text and vice versa. If not, ask the author when sending the proof.
All references must be numbered.

Remarks :
-	The titles of books and journals are not capitalized. 
-	No journal name begins with ?The?. 
Keep the DOI number if provided.

The journal uses the APA style:
https://pitt.libguides.com/citationhelp/apa2";"The citation box is right after the references.
Cite this article as: [Surname], [Initial]. ([Year]). ?[Title of the article]? [Name of the journal], [Volume]([Issue]), [Pagination]. 
Example: Weinstein, J. (2009). ?The market in Plato?s Republic.? Classical Philology, 104(4), 439-458. ";"The Appendices or Annexes are after the references.
They are in font size 9 pt.";
limn;"[Journal shortened name], Volume, Article number ([Year])
Example: J. Eur. Opt. Society-Rapid Publ., 22, 62, 2026";"¸ [Name of the authors], Published by EDP Sciences, [Year] 
Example: J.M. Bertho and M. Bourguignon, Published by EDP Sciences, 2026
?	If there is one author : ¸ [Initial + Surname], Published by EDP Sciences, [Year] 
?	If there are two authors: ¸ [Initial + Surname and Initial + Surname], Published by EDP Sciences, [Year] 
?	If there are three or more authors: ¸ [Initial + Surname et al.], Published by EDP Sciences, [Year] ";"There must always be :
?	At the top of the page : the ?Open Access? logo
?	At the bottom of the page : the mention ?This is an Open Access article distributed under the terms of the Creative Commons Attribution License (https://creativecommons.org/licenses/by/4.0), which permits unrestricted use, distribution, and reproduction in any medium, provided the original work is properly cited. ?";"If the article belongs to a Special Issue or a Topical Issue, the name of the Special Issue should appear above the banner, like so:
Special Issue/Topical Issue - [Name of the Special Issue/Topical Issue]
Guest Editors: [Names of the Guest Editors]
The font should be the same as that of the main text.";"The article type is displayed on the banner, on the left.
It must be written identically to what is in SAGA. Please respect the uppercase/lowercase letters.";No capital in the title (only at the beginning of the first word of the title, for proper nouns, name of species?).;"No capital in the title (only at the beginning of the first word of the title, for proper nouns, name of species?).
The translated title is set in bold at the beginning of the translated abstract.";"Full first name + full last name.
The names are separated by commas, except for the last one, which is preceded by ?and?.
There is no full stop at the end of the list of authors.
Example:
Yi-Ping Wang1, Shi-Chuang Jiang1,2,* and Dong Sun6";"The list must be numbered if there is more than one affiliation.
There must be at least one address for each author.
The city and country must be included in the address.
No full stop at the end of the addresses and after acronyms (example: USA, PR China, UK, PO Box?).
Example:
1 School of Optoelectronic and Communication Engineering, Xiamen University of Technology, Xiamen 361024, PR China
2 Fujian Key Laboratory of Optoelectronic Technology and Devices, Xiamen University of Technology, Xiamen 361024, PR China";"Put this symbol ?*? after the name of the corresponding author.
Add this footnote: * Corresponding author: [e-mail of the corresponding author]";"When two authors contributed equally to the manuscript, add this symbol ??? after the names of each author.
Add this footnote: ? These authors contributed equally.";;Received: XX Month XXXX / Accepted: XX Month XXXX;The abstract is preceded by ?Abstract ?? in bold.;"Keywords: keyword 1 / keyword 2 / keyword 3?
?Keywords:? is in bold with an uppercase letter at the start. The keywords are all lowercase.";The translated abstract is preceded by ?R‚sum‚ ?? in bold.;"Centered and at the top of every page.
[Initial + surname of the first author ] et al.: [Journal shortened name], Volume, Article number ([Year])
Example: S. Mathy et al.: J. Eur. Opt. Society-Rapid Publ., 22, 62, 2026
[Initial + surname of the first author ] et al.: [Journal shortened name], Volume, Article number ([Year])
Example: S. Mathy et al.: J. Eur. Opt. Society-Rapid Publ., 22, 62, 2026";"The sections are numbered in Arabic numerals.
Example: 
1 Introduction
2 Theory";The main text of the article should be typeset in font size 10.;The main text should be typeset into two columns.;"Latin terms must appear in italic font (e.g., i.e., cf., et al., in situ, versus, vs., ab initio, a priori, via, in vitro, ad hoc, ...); unbreakable spaces within.";"The standard rules for abbreviation must be followed : https://www.scribbr.com/academic-writing/abbreviations-and-acronyms/.
2. When the authors use an abbreviation for the first time, the authors need to present both the spelled-out version and the short form. 
3. In the spelled-out version, capital letter for the initial letter of each word is only needed for the names of organization or person.";"All measurements, data and symbols (variables) should be given using international norms (ISO) and should always be written in italic.
SI units should be used: the unit ""litre"" should be abbreviated as ""L"" (also mL, æL, etc.), minutes as min, degrees as øC or K. All units should be typeset in roman. There must have a space between a number and its unit.
Equations that are referred to in the text should be numbered with the number on the right-hand side and should be numbered sequentially throughout the text (i.e., (1), (2), (3)). There is no punctuation at the end.";"All figures must be cited within the text.
?	Figures should be numbered sequentially as Figure 1, Figure 2, etc. 
?	They are referred to in the text as Figure 1, Figure 2,  (Fig. 1) etc.
?	Captions should be placed below the figure. The caption is mandatory. There must be a full-stop at the end.";"All tables must be cited within the text.
?	Tables should be numbered sequentially as Table 1, Table 2, etc. 
?	They are referred to in the text as Table 1, Table 2,  (Tab. 1) etc.
?	Captions should be placed above the table. The caption is mandatory. There must be a full-stop at the end.
?	Vertical lines are not permitted; horizontal lines should be kept to a minimum.";"Final sections are inserted just after the conclusion and just before the references.
The titles of the final sections should use the same font as the titles of other sections. The titles and the paragraphs of the final sections should be typeset in font size 9.
To know which final sections are mandatory, kindly check the [final section table].
The possible Final Declarations are:

?	Acknowledgments
?	Funding
If no funding has been provided, please include the statement ""This research did not receive any specific funding"".
?	Conflicts of interest
If no conflict of interest has been provided, please include the statement ""The authors declare that they have no competing interests to report"".
?	Data availability statement
There is a limited phrasing accepted for the Data availability statement, only one of the 5 below:
-	The research data associated with this article are available in [Name of public data repository], under the reference [DOI or other data identifier][1]
-	The research data are available on request from the authors
-	The research data associated with this article are included within the article
-	This article has no associated data generated and/or analyzed
-	Data associated with this article cannot be disclosed due to legal/ethical/other reason.
?	Author contribution statement";"Supplementary material appears after the final statements, before the references.
Example:
Supplementary Material
Name of the Supplementary Material. Short description (optional).
The supplementary material of this article is available at https://[journal]/[DOI]/olm.";"All references in the bibliographical index must correspond to the references cited in the text and vice versa. If not, ask the author when sending the proof.
All references must be numbered.

Remarks :
-	The titles of books and journals are not capitalized. 
-	No journal name begins with ?The?. 
Keep the DOI number if provided.

The journal uses the APA style:
https://pitt.libguides.com/citationhelp/apa3";"The citation box is right after the references.
Cite this article as: [Surname], [Initial]. ([Year]). ?[Title of the article]? [Name of the journal], [Volume]([Issue]), [Pagination]. 
Example: Weinstein, J. (2009). ?The market in Plato?s Republic.? Classical Philology, 104(4), 439-458. ";"The Appendices or Annexes are after the references.
They are in font size 9 pt.";
nss;"[Journal shortened name], Volume(Issue), Page numbers([Year])
Example: J. Eur. Opt. Society-Rapid Publ., 22(1), 78-82, 2026";"¸ [Name of the authors], Published by EDP Sciences, [Year] 
Example: J.M. Bertho and M. Bourguignon, Published by EDP Sciences, 2026
?	If there is one author : ¸ [Initial + Surname], Published by EDP Sciences, [Year] 
?	If there are two authors: ¸ [Initial + Surname and Initial + Surname], Published by EDP Sciences, [Year] 
?	If there are three or more authors: ¸ [Initial + Surname et al.], Published by EDP Sciences, [Year] ";"There must always be :
?	At the top of the page : the ?Open Access? logo
?	At the bottom of the page : the mention ?This is an Open Access article distributed under the terms of the Creative Commons Attribution License (https://creativecommons.org/licenses/by/4.0), which permits unrestricted use, distribution, and reproduction in any medium, provided the original work is properly cited. ?";"If the article belongs to a Special Issue or a Topical Issue, the name of the Special Issue should appear above the banner, like so:
Special Issue/Topical Issue - [Name of the Special Issue/Topical Issue]
Guest Editors: [Names of the Guest Editors]
The font should be the same as that of the main text.";"The article type is displayed on the banner, on the left.
It must be written identically to what is in SAGA. Please respect the uppercase/lowercase letters.";No capital in the title (only at the beginning of the first word of the title, for proper nouns, name of species?).;/;"Full first name + full last name.
The names are separated by commas, except for the last one, which is preceded by ?and?.
There is no full stop at the end of the list of authors.
Example:
Yi-Ping Wang1, Shi-Chuang Jiang1,2,* and Dong Sun7";"The list must be numbered if there is more than one affiliation.
There must be at least one address for each author.
The city and country must be included in the address.
No full stop at the end of the addresses and after acronyms (example: USA, PR China, UK, PO Box?).
Example:
1 School of Optoelectronic and Communication Engineering, Xiamen University of Technology, Xiamen 361024, PR China
2 Fujian Key Laboratory of Optoelectronic Technology and Devices, Xiamen University of Technology, Xiamen 361024, PR China";"Put this symbol ?*? after the name of the corresponding author.
Add this footnote: * Corresponding author: [e-mail of the corresponding author]";"When two authors contributed equally to the manuscript, add this symbol ??? after the names of each author.
Add this footnote: ? These authors contributed equally.";;Received: XX Month XXXX / Accepted: XX Month XXXX;The abstract is preceded by ?Abstract ?? in bold.;"Keywords: keyword 1 / keyword 2 / keyword 3?
?Keywords:? is in bold with an uppercase letter at the start. The keywords are all lowercase.";The translated abstract is preceded by ?R‚sum‚ ?? in bold.;"Centered and at the top of every page.
[Initial + surname of the first author ] et al.: [Journal shortened name], Volume(Issue), Page numbers([Year])
Example: S. Mathy et al.: J. Eur. Opt. Society-Rapid Publ., 22(1), 78-82, 2026";The sections are not numbered.;The main text of the article should be typeset in font size 10.;The main text should be typeset into two columns.;"Latin terms must appear in italic font (e.g., i.e., cf., et al., in situ, versus, vs., ab initio, a priori, via, in vitro, ad hoc, ...); unbreakable spaces within.";"The standard rules for abbreviation must be followed : https://www.scribbr.com/academic-writing/abbreviations-and-acronyms/.
2. When the authors use an abbreviation for the first time, the authors need to present both the spelled-out version and the short form. 
3. In the spelled-out version, capital letter for the initial letter of each word is only needed for the names of organization or person.";"All measurements, data and symbols (variables) should be given using international norms (ISO) and should always be written in italic.
SI units should be used: the unit ""litre"" should be abbreviated as ""L"" (also mL, æL, etc.), minutes as min, degrees as øC or K. All units should be typeset in roman. There must have a space between a number and its unit.
Equations that are referred to in the text should be numbered with the number on the right-hand side and should be numbered sequentially throughout the text (i.e., (1), (2), (3)). There is no punctuation at the end.";"All figures must be cited within the text.
?	Figures should be numbered sequentially as Figure 1, Figure 2, etc. 
?	They are referred to in the text as Figure 1, Figure 2,  (Fig. 1) etc.
?	Captions should be placed below the figure. The caption is mandatory. There must be a full-stop at the end.";"All tables must be cited within the text.
?	Tables should be numbered sequentially as Table 1, Table 2, etc. 
?	They are referred to in the text as Table 1, Table 2,  (Tab. 1) etc.
?	Captions should be placed above the table. The caption is mandatory. There must be a full-stop at the end.
?	Vertical lines are not permitted; horizontal lines should be kept to a minimum.";"Final sections are inserted just after the conclusion and just before the references.
The titles of the final sections should use the same font as the titles of other sections. The titles and the paragraphs of the final sections should be typeset in font size 9.
To know which final sections are mandatory, kindly check the [final section table].
The possible Final Declarations are:

?	Acknowledgments
?	Funding
If no funding has been provided, please include the statement ""This research did not receive any specific funding"".
?	Conflicts of interest
If no conflict of interest has been provided, please include the statement ""The authors declare that they have no competing interests to report"".
?	Data availability statement
There is a limited phrasing accepted for the Data availability statement, only one of the 5 below:
-	The research data associated with this article are available in [Name of public data repository], under the reference [DOI or other data identifier][1]
-	The research data are available on request from the authors
-	The research data associated with this article are included within the article
-	This article has no associated data generated and/or analyzed
-	Data associated with this article cannot be disclosed due to legal/ethical/other reason.
?	Author contribution statement";"Supplementary material appears after the final statements, before the references.
Example:
Supplementary Material
Name of the Supplementary Material. Short description (optional).
The supplementary material of this article is available at https://[journal]/[DOI]/olm.";"All references in the bibliographical index must correspond to the references cited in the text and vice versa. If not, ask the author when sending the proof.
All references must be numbered.

Remarks :
-	The titles of books and journals are not capitalized. 
-	No journal name begins with ?The?. 
Keep the DOI number if provided.

The journal uses the APA style:
https://pitt.libguides.com/citationhelp/apa4";"The citation box is right after the references.
Cite this article as: [Surname], [Initial]. ([Year]). ?[Title of the article]? [Name of the journal], [Volume]([Issue]), [Pagination]. 
Example: Weinstein, J. (2009). ?The market in Plato?s Republic.? Classical Philology, 104(4), 439-458. ";"The Appendices or Annexes are after the references.
They are in font size 9 pt.";
parasite;"[Journal shortened name], Volume, Article number ([Year])
Example: J. Eur. Opt. Society-Rapid Publ., 22, 62, 2026";"¸ [Name of the authors], Published by EDP Sciences, [Year] 
Example: J.M. Bertho and M. Bourguignon, Published by EDP Sciences, 2026
?	If there is one author : ¸ [Initial + Surname], Published by EDP Sciences, [Year] 
?	If there are two authors: ¸ [Initial + Surname and Initial + Surname], Published by EDP Sciences, [Year] 
?	If there are three or more authors: ¸ [Initial + Surname et al.], Published by EDP Sciences, [Year] ";"There must always be :
?	At the top of the page : the ?Open Access? logo
?	At the bottom of the page : the mention ?This is an Open Access article distributed under the terms of the Creative Commons Attribution License (https://creativecommons.org/licenses/by/4.0), which permits unrestricted use, distribution, and reproduction in any medium, provided the original work is properly cited. ?";"If the article belongs to a Special Issue or a Topical Issue, the name of the Special Issue should appear above the banner, like so:
Special Issue/Topical Issue - [Name of the Special Issue/Topical Issue]
Guest Editors: [Names of the Guest Editors]
The font should be the same as that of the main text.";"The article type is displayed on the banner, on the left.
It must be written identically to what is in SAGA. Please respect the uppercase/lowercase letters.";No capital in the title (only at the beginning of the first word of the title, for proper nouns, name of species?).;"No capital in the title (only at the beginning of the first word of the title, for proper nouns, name of species?).
The translated title is set in bold at the beginning of the translated abstract.";"Full first name + full last name.
The names are separated by commas, except for the last one, which is preceded by ?and?.
There is no full stop at the end of the list of authors.
Example:
Yi-Ping Wang1, Shi-Chuang Jiang1,2,* and Dong Sun8";"The list must be numbered if there is more than one affiliation.
There must be at least one address for each author.
The city and country must be included in the address.
No full stop at the end of the addresses and after acronyms (example: USA, PR China, UK, PO Box?).
Example:
1 School of Optoelectronic and Communication Engineering, Xiamen University of Technology, Xiamen 361024, PR China
2 Fujian Key Laboratory of Optoelectronic Technology and Devices, Xiamen University of Technology, Xiamen 361024, PR China";"Put this symbol ?*? after the name of the corresponding author.
Add this footnote: * Corresponding author: [e-mail of the corresponding author]";"When two authors contributed equally to the manuscript, add this symbol ??? after the names of each author.
Add this footnote: ? These authors contributed equally.";"Edited by: [Name of the Handling Editor]
This line should be set as the first footnote of the first page.";Received: XX Month XXXX / Accepted: XX Month XXXX;The abstract is preceded by ?Abstract ?? in bold.;"Keywords: keyword 1 / keyword 2 / keyword 3?
?Keywords:? is in bold with an uppercase letter at the start. The keywords are all lowercase.";The translated abstract is preceded by ?R‚sum‚ ?? in bold.;"Centered and at the top of every page.
[Initial + surname of the first author ] et al.: [Journal shortened name], Volume, Article number ([Year])
Example: S. Mathy et al.: J. Eur. Opt. Society-Rapid Publ., 22, 62, 2026
[Initial + surname of the first author ] et al.: [Journal shortened name], Volume, Article number ([Year])
Example: S. Mathy et al.: J. Eur. Opt. Society-Rapid Publ., 22, 62, 2026";The sections are not numbered.;The main text of the article should be typeset in font size 10.;The main text should be typeset into two columns.;"Latin terms must appear in roman font (e.g., i.e., cf., et al., in situ, versus, vs., ab initio, a priori, via, in vitro, ad hoc, ...); unbreakable spaces within.";"The standard rules for abbreviation must be followed : https://www.scribbr.com/academic-writing/abbreviations-and-acronyms/.
2. When the authors use an abbreviation for the first time, the authors need to present both the spelled-out version and the short form. 
3. In the spelled-out version, capital letter for the initial letter of each word is only needed for the names of organization or person.";"All measurements, data and symbols (variables) should be given using international norms (ISO) and should always be written in italic.
SI units should be used: the unit ""litre"" should be abbreviated as ""L"" (also mL, æL, etc.), minutes as min, degrees as øC or K. All units should be typeset in roman. There must have a space between a number and its unit.
Equations that are referred to in the text should be numbered with the number on the right-hand side and should be numbered sequentially throughout the text (i.e., (1), (2), (3)). There is no punctuation at the end.";"All figures must be cited within the text.
?	Figures should be numbered sequentially as Figure 1, Figure 2, etc. 
?	They are referred to in the text as Figure 1, Figure 2,  (Fig. 1) etc.
?	Captions should be placed below the figure. The caption is mandatory. There must be a full-stop at the end.";"All tables must be cited within the text.
?	Tables should be numbered sequentially as Table 1, Table 2, etc. 
?	They are referred to in the text as Table 1, Table 2,  (Tab. 1) etc.
?	Captions should be placed above the table. The caption is mandatory. There must be a full-stop at the end.
?	Vertical lines are not permitted; horizontal lines should be kept to a minimum.";"Final sections are inserted just after the conclusion and just before the references.
The titles of the final sections should use the same font as the titles of other sections. The titles and the paragraphs of the final sections should be typeset in font size 9.
To know which final sections are mandatory, kindly check the [final section table].
The possible Final Declarations are:

?	Acknowledgments
?	Funding
If no funding has been provided, please include the statement ""This research did not receive any specific funding"".
?	Conflicts of interest
If no conflict of interest has been provided, please include the statement ""The authors declare that they have no competing interests to report"".
?	Data availability statement
There is a limited phrasing accepted for the Data availability statement, only one of the 5 below:
-	The research data associated with this article are available in [Name of public data repository], under the reference [DOI or other data identifier][1]
-	The research data are available on request from the authors
-	The research data associated with this article are included within the article
-	This article has no associated data generated and/or analyzed
-	Data associated with this article cannot be disclosed due to legal/ethical/other reason.
?	Author contribution statement";"Supplementary material appears after the final statements, before the references.
Example:
Supplementary Material
Name of the Supplementary Material. Short description (optional).
The supplementary material of this article is available at https://[journal]/[DOI]/olm.";"All references in the bibliographical index must correspond to the references cited in the text and vice versa. If not, ask the author when sending the proof.
All references must be numbered.

Remarks :
-	The titles of books and journals are not capitalized. 
-	No journal name begins with ?The?. 
Keep the DOI number if provided.

The journal uses the APA style:
https://pitt.libguides.com/citationhelp/apa5";"The citation box is right after the references.
Cite this article as: [Surname], [Initial]. ([Year]). ?[Title of the article]? [Name of the journal], [Volume]([Issue]), [Pagination]. 
Example: Weinstein, J. (2009). ?The market in Plato?s Republic.? Classical Philology, 104(4), 439-458. ";"The Appendices or Annexes are after the references.
They are in font size 9 pt.";
pmed;"[Journal shortened name], Volume(Issue), Page numbers([Year])
Example: J. Eur. Opt. Society-Rapid Publ., 22(1), 78-82, 2026";"¸ [Name of the authors], Published by EDP Sciences, [Year] 
Example: J.M. Bertho and M. Bourguignon, Published by EDP Sciences, 2026
?	If there is one author : ¸ [Initial + Surname], Published by EDP Sciences, [Year] 
?	If there are two authors: ¸ [Initial + Surname and Initial + Surname], Published by EDP Sciences, [Year] 
?	If there are three or more authors: ¸ [Initial + Surname et al.], Published by EDP Sciences, [Year] ";/;"If the article belongs to a Special Issue or a Topical Issue, the name of the Special Issue should appear above the banner, like so:
Special Issue/Topical Issue - [Name of the Special Issue/Topical Issue]
Guest Editors: [Names of the Guest Editors]
The font should be the same as that of the main text.";"The article type is displayed on the banner, on the left.
It must be written identically to what is in SAGA. Please respect the uppercase/lowercase letters.";No capital in the title (only at the beginning of the first word of the title, for proper nouns, name of species?).;"No capital in the title (only at the beginning of the first word of the title, for proper nouns, name of species?).
The translated title is set in bold at the beginning of the translated abstract.";"Full first name + full last name.
The names are separated by commas, except for the last one, which is preceded by ?and?.
There is no full stop at the end of the list of authors.
Example:
Yi-Ping Wang1, Shi-Chuang Jiang1,2,* and Dong Sun9";"The list must be numbered if there is more than one affiliation.
There must be at least one address for each author.
The city and country must be included in the address.
No full stop at the end of the addresses and after acronyms (example: USA, PR China, UK, PO Box?).
Example:
1 School of Optoelectronic and Communication Engineering, Xiamen University of Technology, Xiamen 361024, PR China
2 Fujian Key Laboratory of Optoelectronic Technology and Devices, Xiamen University of Technology, Xiamen 361024, PR China";"Put this symbol ?*? after the name of the corresponding author.
Add this footnote: * Corresponding author: [e-mail of the corresponding author]";"When two authors contributed equally to the manuscript, add this symbol ??? after the names of each author.
Add this footnote: ? These authors contributed equally.";;Received: XX Month XXXX / Accepted: XX Month XXXX;The abstract is preceded by ?Abstract ?? in bold.;"Keywords: keyword 1 / keyword 2 / keyword 3?
?Keywords:? is in bold with an uppercase letter at the start. The keywords are all lowercase.";The translated abstract is preceded by ?R‚sum‚ ?? in bold.;"Centered and at the top of every page.
[Initial + surname of the first author ] et al.: [Journal shortened name], Volume(Issue), Page numbers([Year])
Example: S. Mathy et al.: J. Eur. Opt. Society-Rapid Publ., 22(1), 78-82, 2026";The sections are not numbered.;The main text of the article should be typeset in font size 10.;The main text should be typeset into two columns.;"Latin terms must appear in italic font (e.g., i.e., cf., et al., in situ, versus, vs., ab initio, a priori, via, in vitro, ad hoc, ...); unbreakable spaces within.";"The standard rules for abbreviation must be followed : https://www.scribbr.com/academic-writing/abbreviations-and-acronyms/.
2. When the authors use an abbreviation for the first time, the authors need to present both the spelled-out version and the short form. 
3. In the spelled-out version, capital letter for the initial letter of each word is only needed for the names of organization or person.";"All measurements, data and symbols (variables) should be given using international norms (ISO) and should always be written in italic.
SI units should be used: the unit ""litre"" should be abbreviated as ""L"" (also mL, æL, etc.), minutes as min, degrees as øC or K. All units should be typeset in roman. There must have a space between a number and its unit.
Equations that are referred to in the text should be numbered with the number on the right-hand side and should be numbered sequentially throughout the text (i.e., (1), (2), (3)). There is no punctuation at the end.";"All figures must be cited within the text.
?	Figures should be numbered sequentially as Figure 1, Figure 2, etc. 
?	They are referred to in the text as Figure 1, Figure 2,  (Fig. 1) etc.
?	Captions should be placed below the figure. The caption is mandatory. There must be a full-stop at the end.";"All tables must be cited within the text.
?	Tables should be numbered sequentially as Table 1, Table 2, etc. 
?	They are referred to in the text as Table 1, Table 2,  (Tab. 1) etc.
?	Captions should be placed above the table. The caption is mandatory. There must be a full-stop at the end.
?	Vertical lines are not permitted; horizontal lines should be kept to a minimum.";"Final sections are inserted just after the conclusion and just before the references.
The titles of the final sections should use the same font as the titles of other sections. The titles and the paragraphs of the final sections should be typeset in font size 9.
To know which final sections are mandatory, kindly check the [final section table].
The possible Final Declarations are:

?	Acknowledgments
?	Funding
If no funding has been provided, please include the statement ""This research did not receive any specific funding"".
?	Conflicts of interest
If no conflict of interest has been provided, please include the statement ""The authors declare that they have no competing interests to report"".
?	Data availability statement
There is a limited phrasing accepted for the Data availability statement, only one of the 5 below:
-	The research data associated with this article are available in [Name of public data repository], under the reference [DOI or other data identifier][1]
-	The research data are available on request from the authors
-	The research data associated with this article are included within the article
-	This article has no associated data generated and/or analyzed
-	Data associated with this article cannot be disclosed due to legal/ethical/other reason.
?	Author contribution statement";"Supplementary material appears after the final statements, before the references.
Example:
Supplementary Material
Name of the Supplementary Material. Short description (optional).
The supplementary material of this article is available at https://[journal]/[DOI]/olm.";"All references in the bibliographical index must correspond to the references cited in the text and vice versa. If not, ask the author when sending the proof.
All references must be numbered.

Remarks :
-	The titles of books and journals are not capitalized. 
-	No journal name begins with ?The?. 
Keep the DOI number if provided.

The journal uses the APA style:
https://pitt.libguides.com/citationhelp/apa6";"The citation box is right after the references.
Cite this article as: [Surname], [Initial]. ([Year]). ?[Title of the article]? [Name of the journal], [Volume]([Issue]), [Pagination]. 
Example: Weinstein, J. (2009). ?The market in Plato?s Republic.? Classical Philology, 104(4), 439-458. ";"The Appendices or Annexes are after the references.
They are in font size 9 pt.";
radiopro;"[Journal shortened name], Volume(Issue), Page numbers([Year])
Example: J. Eur. Opt. Society-Rapid Publ., 22(1), 78-82, 2026";"¸ [Name of the authors], Published by EDP Sciences, [Year] 
Example: J.M. Bertho and M. Bourguignon, Published by EDP Sciences, 2026
?	If there is one author : ¸ [Initial + Surname], Published by EDP Sciences, [Year] 
?	If there are two authors: ¸ [Initial + Surname and Initial + Surname], Published by EDP Sciences, [Year] 
?	If there are three or more authors: ¸ [Initial + Surname et al.], Published by EDP Sciences, [Year] ";"There must always be :
?	At the top of the page : the ?Open Access? logo
?	At the bottom of the page : the mention ?This is an Open Access article distributed under the terms of the Creative Commons Attribution License (https://creativecommons.org/licenses/by/4.0), which permits unrestricted use, distribution, and reproduction in any medium, provided the original work is properly cited. ?";"If the article belongs to a Special Issue or a Topical Issue, the name of the Special Issue should appear above the banner, like so:
Special Issue/Topical Issue - [Name of the Special Issue/Topical Issue]
Guest Editors: [Names of the Guest Editors]
The font should be the same as that of the main text.";"The article type is displayed on the banner, on the left.
It must be written identically to what is in SAGA. Please respect the uppercase/lowercase letters.";No capital in the title (only at the beginning of the first word of the title, for proper nouns, name of species?).;"No capital in the title (only at the beginning of the first word of the title, for proper nouns, name of species?).
The translated title is set in bold at the beginning of the translated abstract.";"Full first name + full last name.
The names are separated by commas, except for the last one, which is preceded by ?and?.
There is no full stop at the end of the list of authors.
Example:
Yi-Ping Wang1, Shi-Chuang Jiang1,2,* and Dong Sun10";"The list must be numbered if there is more than one affiliation.
There must be at least one address for each author.
The city and country must be included in the address.
No full stop at the end of the addresses and after acronyms (example: USA, PR China, UK, PO Box?).
Example:
1 School of Optoelectronic and Communication Engineering, Xiamen University of Technology, Xiamen 361024, PR China
2 Fujian Key Laboratory of Optoelectronic Technology and Devices, Xiamen University of Technology, Xiamen 361024, PR China";"Put this symbol ?*? after the name of the corresponding author.
Add this footnote: * Corresponding author: [e-mail of the corresponding author]";"When two authors contributed equally to the manuscript, add this symbol ??? after the names of each author.
Add this footnote: ? These authors contributed equally.";;Received: XX Month XXXX / Accepted: XX Month XXXX;The abstract is preceded by ?Abstract ?? in bold.;"Keywords: keyword 1 / keyword 2 / keyword 3?
?Keywords:? is in bold with an uppercase letter at the start. The keywords are all lowercase.";The translated abstract is preceded by ?R‚sum‚ ?? in bold.;"Centered and at the top of every page.
[Initial + surname of the first author ] et al.: [Journal shortened name], Volume(Issue), Page numbers([Year])
Example: S. Mathy et al.: J. Eur. Opt. Society-Rapid Publ., 22(1), 78-82, 2026";"The sections are numbered in Arabic numerals.
Example: 
1 Introduction
2 Theory";The main text of the article should be typeset in font size 10.;The main text should be typeset into two columns.;"Latin terms must appear in roman font (e.g., i.e., cf., et al., in situ, versus, vs., ab initio, a priori, via, in vitro, ad hoc, ...); unbreakable spaces within.";"The standard rules for abbreviation must be followed : https://www.scribbr.com/academic-writing/abbreviations-and-acronyms/.
2. When the authors use an abbreviation for the first time, the authors need to present both the spelled-out version and the short form. 
3. In the spelled-out version, capital letter for the initial letter of each word is only needed for the names of organization or person.";"All measurements, data and symbols (variables) should be given using international norms (ISO) and should always be written in italic.
SI units should be used: the unit ""litre"" should be abbreviated as ""L"" (also mL, æL, etc.), minutes as min, degrees as øC or K. All units should be typeset in roman. There must have a space between a number and its unit.
Equations that are referred to in the text should be numbered with the number on the right-hand side and should be numbered sequentially throughout the text (i.e., (1), (2), (3)). There is no punctuation at the end.";"All figures must be cited within the text.
?	Figures should be numbered sequentially as Figure 1, Figure 2, etc. 
?	They are referred to in the text as Figure 1, Figure 2,  (Fig. 1) etc.
?	Captions should be placed below the figure. The caption is mandatory. There must be a full-stop at the end.";"All tables must be cited within the text.
?	Tables should be numbered sequentially as Table 1, Table 2, etc. 
?	They are referred to in the text as Table 1, Table 2,  (Tab. 1) etc.
?	Captions should be placed above the table. The caption is mandatory. There must be a full-stop at the end.
?	Vertical lines are not permitted; horizontal lines should be kept to a minimum.";"Final sections are inserted just after the conclusion and just before the references.
The titles of the final sections should use the same font as the titles of other sections. The titles and the paragraphs of the final sections should be typeset in font size 9.
To know which final sections are mandatory, kindly check the [final section table].
The possible Final Declarations are:

?	Acknowledgments
?	Funding
If no funding has been provided, please include the statement ""This research did not receive any specific funding"".
?	Conflicts of interest
If no conflict of interest has been provided, please include the statement ""The authors declare that they have no competing interests to report"".
?	Data availability statement
There is a limited phrasing accepted for the Data availability statement, only one of the 5 below:
-	The research data associated with this article are available in [Name of public data repository], under the reference [DOI or other data identifier][1]
-	The research data are available on request from the authors
-	The research data associated with this article are included within the article
-	This article has no associated data generated and/or analyzed
-	Data associated with this article cannot be disclosed due to legal/ethical/other reason.
?	Author contribution statement";"Supplementary material appears after the final statements, before the references.
Example:
Supplementary Material
Name of the Supplementary Material. Short description (optional).
The supplementary material of this article is available at https://[journal]/[DOI]/olm.";"All references in the bibliographical index must correspond to the references cited in the text and vice versa. If not, ask the author when sending the proof.
All references must be numbered.

Remarks :
-	The titles of books and journals are not capitalized. 
-	No journal name begins with ?The?. 
Keep the DOI number if provided.

The journal uses the APA style:
https://pitt.libguides.com/citationhelp/apa7";"The citation box is right after the references.
Cite this article as: [Surname], [Initial]. ([Year]). ?[Title of the article]? [Name of the journal], [Volume]([Issue]), [Pagination]. 
Example: Weinstein, J. (2009). ?The market in Plato?s Republic.? Classical Philology, 104(4), 439-458. ";"The Appendices or Annexes are after the references.
They are in font size 9 pt.";The S2O box is placed right at the end of the article.
aacus;"[Journal shortened name], Volume, Article number ([Year])
Example: J. Eur. Opt. Society-Rapid Publ., 22, 62, 2026";"¸ [Name of the authors], Published by EDP Sciences, [Year] 
Example: J.M. Bertho and M. Bourguignon, Published by EDP Sciences, 2026
?	If there is one author : ¸ [Initial + Surname], Published by EDP Sciences, [Year] 
?	If there are two authors: ¸ [Initial + Surname and Initial + Surname], Published by EDP Sciences, [Year] 
?	If there are three or more authors: ¸ [Initial + Surname et al.], Published by EDP Sciences, [Year] ";"There must always be :
?	At the top of the page : the ?Open Access? logo
?	At the bottom of the page : the mention ?This is an Open Access article distributed under the terms of the Creative Commons Attribution License (https://creativecommons.org/licenses/by/4.0), which permits unrestricted use, distribution, and reproduction in any medium, provided the original work is properly cited. ?";"If the article belongs to a Special Issue or a Topical Issue, the name of the Special Issue should appear above the banner, like so:
Special Issue/Topical Issue - [Name of the Special Issue/Topical Issue]
Guest Editors: [Names of the Guest Editors]
The font should be the same as that of the main text.";"The article type is displayed on the banner, on the left.
It must be written identically to what is in SAGA. Please respect the uppercase/lowercase letters.";No capital in the title (only at the beginning of the first word of the title, for proper nouns, name of species?).;/;"Full first name + full last name.
The names are separated by commas, except for the last one, which is preceded by ?and?.
There is no full stop at the end of the list of authors.
Example:
Yi-Ping Wang1, Shi-Chuang Jiang1,2,* and Dong Sun11";"The list must be numbered if there is more than one affiliation.
There must be at least one address for each author.
The city and country must be included in the address.
No full stop at the end of the addresses and after acronyms (example: USA, PR China, UK, PO Box?).
Example:
1 School of Optoelectronic and Communication Engineering, Xiamen University of Technology, Xiamen 361024, PR China
2 Fujian Key Laboratory of Optoelectronic Technology and Devices, Xiamen University of Technology, Xiamen 361024, PR China";"Put this symbol ?*? after the name of the corresponding author.
Add this footnote: * Corresponding author: [e-mail of the corresponding author]";"When two authors contributed equally to the manuscript, add this symbol ??? after the names of each author.
Add this footnote: ? These authors contributed equally.";;Received: XX Month XXXX / Accepted: XX Month XXXX;The abstract is preceded by ?Abstract ?? in bold.;"Keywords: keyword 1 / keyword 2 / keyword 3?
?Keywords:? is in bold with an uppercase letter at the start. The keywords are all lowercase.";The translated abstract is preceded by ?R‚sum‚ ?? in bold.;"Centered and at the top of every page.
[Initial + surname of the first author ] et al.: [Journal shortened name], Volume, Article number ([Year])
Example: S. Mathy et al.: J. Eur. Opt. Society-Rapid Publ., 22, 62, 2026
[Initial + surname of the first author ] et al.: [Journal shortened name], Volume, Article number ([Year])
Example: S. Mathy et al.: J. Eur. Opt. Society-Rapid Publ., 22, 62, 2026";"The sections are numbered in Arabic numerals.
Example: 
1 Introduction
2 Theory";The main text of the article should be typeset in font size 10.;The main text should be typeset into two columns.;"Latin terms must appear in roman font (e.g., i.e., cf., et al., in situ, versus, vs., ab initio, a priori, via, in vitro, ad hoc, ...); unbreakable spaces within.";"The standard rules for abbreviation must be followed : https://www.scribbr.com/academic-writing/abbreviations-and-acronyms/.
2. When the authors use an abbreviation for the first time, the authors need to present both the spelled-out version and the short form. 
3. In the spelled-out version, capital letter for the initial letter of each word is only needed for the names of organization or person.";"All measurements, data and symbols (variables) should be given using international norms (ISO) and should always be written in italic.
SI units should be used: the unit ""litre"" should be abbreviated as ""L"" (also mL, æL, etc.), minutes as min, degrees as øC or K. All units should be typeset in roman. There must have a space between a number and its unit.
Equations that are referred to in the text should be numbered with the number on the right-hand side and should be numbered sequentially throughout the text (i.e., (1), (2), (3)). There is no punctuation at the end.";"All figures must be cited within the text.
?	Figures should be numbered sequentially as Figure 1, Figure 2, etc. 
?	They are referred to in the text as Figure 1, Figure 2,  (Fig. 1) etc.
?	Captions should be placed below the figure. The caption is mandatory. There must be a full-stop at the end.";"All tables must be cited within the text.
?	Tables should be numbered sequentially as Table 1, Table 2, etc. 
?	They are referred to in the text as Table 1, Table 2,  (Tab. 1) etc.
?	Captions should be placed above the table. The caption is mandatory. There must be a full-stop at the end.
?	Vertical lines are not permitted; horizontal lines should be kept to a minimum.";"Final sections are inserted just after the conclusion and just before the references.
The titles of the final sections should use the same font as the titles of other sections. The titles and the paragraphs of the final sections should be typeset in font size 9.
To know which final sections are mandatory, kindly check the [final section table].
The possible Final Declarations are:

?	Acknowledgments
?	Funding
If no funding has been provided, please include the statement ""This research did not receive any specific funding"".
?	Conflicts of interest
If no conflict of interest has been provided, please include the statement ""The authors declare that they have no competing interests to report"".
?	Data availability statement
There is a limited phrasing accepted for the Data availability statement, only one of the 5 below:
-	The research data associated with this article are available in [Name of public data repository], under the reference [DOI or other data identifier][1]
-	The research data are available on request from the authors
-	The research data associated with this article are included within the article
-	This article has no associated data generated and/or analyzed
-	Data associated with this article cannot be disclosed due to legal/ethical/other reason.
?	Author contribution statement";"Supplementary material appears after the final statements, before the references.
Example:
Supplementary Material
Name of the Supplementary Material. Short description (optional).
The supplementary material of this article is available at https://[journal]/[DOI]/olm.";"All references in the bibliographical index must correspond to the references cited in the text and vice versa. If not, ask the author when sending the proof.
All references must be numbered.

Remarks :
-	The titles of books and journals are not capitalized. 
-	No journal name begins with ?The?. 
Keep the DOI number if provided.

The journal uses the IEEE style:
https://pitt.libguides.com/citationhelp/ieee";"The citation box is right after the references.
Cite this article as: [Initial]. [Name], ?[Title of the article,]?, [Name of the journal], vol. [Volume], pp. [Pagination], [Month] [Year].
Example: G. Liu, K. Y. Lee, and H. F. Jordan, ""TDM and TWDM de Bruijn networks and shufflenets for optical communications,"" IEEE Trans. Comp., vol. 46, pp. 695-701, June 1997.";"The Appendices or Annexes are after the references.
They are in font size 9 pt.";
alr;"[Journal shortened name], Volume, Article number ([Year])
Example: J. Eur. Opt. Society-Rapid Publ., 22, 62, 2027";"¸ [Name of the authors], Published by EDP Sciences, [Year] 
Example: J.M. Bertho and M. Bourguignon, Published by EDP Sciences, 2026
?	If there is one author : ¸ [Initial + Surname], Published by EDP Sciences, [Year] 
?	If there are two authors: ¸ [Initial + Surname and Initial + Surname], Published by EDP Sciences, [Year] 
?	If there are three or more authors: ¸ [Initial + Surname et al.], Published by EDP Sciences, [Year] ";/;"If the article belongs to a Special Issue or a Topical Issue, the name of the Special Issue should appear above the banner, like so:
Special Issue/Topical Issue - [Name of the Special Issue/Topical Issue]
Guest Editors: [Names of the Guest Editors]
The font should be the same as that of the main text.";"The article type is displayed on the banner, on the left.
It must be written identically to what is in SAGA. Please respect the uppercase/lowercase letters.";No capital in the title (only at the beginning of the first word of the title, for proper nouns, name of species?).;/;"Full first name + full last name.
The names are separated by commas, except for the last one, which is preceded by ?and?.
There is no full stop at the end of the list of authors.
Example:
Yi-Ping Wang1, Shi-Chuang Jiang1,2,* and Dong Sun12";"The list must be numbered if there is more than one affiliation.
There must be at least one address for each author.
The city and country must be included in the address.
No full stop at the end of the addresses and after acronyms (example: USA, PR China, UK, PO Box?).
Example:
1 School of Optoelectronic and Communication Engineering, Xiamen University of Technology, Xiamen 361024, PR China
2 Fujian Key Laboratory of Optoelectronic Technology and Devices, Xiamen University of Technology, Xiamen 361024, PR China";"Put this symbol ?*? after the name of the corresponding author.
Add this footnote: * Corresponding author: [e-mail of the corresponding author]";"When two authors contributed equally to the manuscript, add this symbol ??? after the names of each author.
Add this footnote: ? These authors contributed equally.";"Edited by: [Name of the Handling Editor]
This line should be set as the first footnote of the first page.";Received: XX Month XXXX / Accepted: XX Month XXXX;The abstract is preceded by ?Abstract ?? in bold.;"Keywords: keyword 1 / keyword 2 / keyword 3?
?Keywords:? is in bold with an uppercase letter at the start. The keywords are all lowercase.";The translated abstract is preceded by ?R‚sum‚ ?? in bold.;"Centered and at the top of every page.
[Initial + surname of the first author ] et al.: [Journal shortened name], Volume, Article number ([Year])
Example: S. Mathy et al.: J. Eur. Opt. Society-Rapid Publ., 22, 62, 2026
[Initial + surname of the first author ] et al.: [Journal shortened name], Volume, Article number ([Year])
Example: S. Mathy et al.: J. Eur. Opt. Society-Rapid Publ., 22, 62, 2027";"The sections are numbered in Arabic numerals.
Example: 
1 Introduction
2 Theory";The main text of the article should be typeset in font size 10.;The main text should be typeset into two columns.;"Latin terms must appear in roman font (e.g., i.e., cf., et al., in situ, versus, vs., ab initio, a priori, via, in vitro, ad hoc, ...); unbreakable spaces within.";"The standard rules for abbreviation must be followed : https://www.scribbr.com/academic-writing/abbreviations-and-acronyms/.
2. When the authors use an abbreviation for the first time, the authors need to present both the spelled-out version and the short form. 
3. In the spelled-out version, capital letter for the initial letter of each word is only needed for the names of organization or person.";"All measurements, data and symbols (variables) should be given using international norms (ISO) and should always be written in italic.
SI units should be used: the unit ""litre"" should be abbreviated as ""L"" (also mL, æL, etc.), minutes as min, degrees as øC or K. All units should be typeset in roman. There must have a space between a number and its unit.
Equations that are referred to in the text should be numbered with the number on the right-hand side and should be numbered sequentially throughout the text (i.e., (1), (2), (3)). There is no punctuation at the end.";"All figures must be cited within the text.
?	Figures should be numbered sequentially as Figure 1, Figure 2, etc. 
?	They are referred to in the text as Figure 1, Figure 2,  (Fig. 1) etc.
?	Captions should be placed below the figure. The caption is mandatory. There must be a full-stop at the end.";"All tables must be cited within the text.
?	Tables should be numbered sequentially as Table 1, Table 2, etc. 
?	They are referred to in the text as Table 1, Table 2,  (Tab. 1) etc.
?	Captions should be placed above the table. The caption is mandatory. There must be a full-stop at the end.
?	Vertical lines are not permitted; horizontal lines should be kept to a minimum.";"Final sections are inserted just after the conclusion and just before the references.
The titles of the final sections should use the same font as the titles of other sections. The titles and the paragraphs of the final sections should be typeset in font size 9.
To know which final sections are mandatory, kindly check the [final section table].
The possible Final Declarations are:

?	Acknowledgments
?	Funding
If no funding has been provided, please include the statement ""This research did not receive any specific funding"".
?	Conflicts of interest
If no conflict of interest has been provided, please include the statement ""The authors declare that they have no competing interests to report"".
?	Data availability statement
There is a limited phrasing accepted for the Data availability statement, only one of the 5 below:
-	The research data associated with this article are available in [Name of public data repository], under the reference [DOI or other data identifier][1]
-	The research data are available on request from the authors
-	The research data associated with this article are included within the article
-	This article has no associated data generated and/or analyzed
-	Data associated with this article cannot be disclosed due to legal/ethical/other reason.
?	Author contribution statement";"Supplementary material appears after the final statements, before the references.
Example:
Supplementary Material
Name of the Supplementary Material. Short description (optional).
The supplementary material of this article is available at https://[journal]/[DOI]/olm.";"All references in the bibliographical index must correspond to the references cited in the text and vice versa. If not, ask the author when sending the proof.
All references must be numbered.

Remarks :
-	The titles of books and journals are not capitalized. 
-	No journal name begins with ?The?. 
Keep the DOI number if provided.

The journal uses the IEEE style:
https://pitt.libguides.com/citationhelp/ieee";"The citation box is right after the references.
Cite this article as: [Initial]. [Name], ?[Title of the article,]?, [Name of the journal], vol. [Volume], pp. [Pagination], [Month] [Year].
Example: G. Liu, K. Y. Lee, and H. F. Jordan, ""TDM and TWDM de Bruijn networks and shufflenets for optical communications,"" IEEE Trans. Comp., vol. 46, pp. 695-701, June 1997.";"The Appendices or Annexes are after the references.
They are in font size 9 pt.";
mfreview;"[Journal shortened name], Volume, Article number ([Year])
Example: J. Eur. Opt. Society-Rapid Publ., 22, 62, 2028";"¸ [Name of the authors], Published by EDP Sciences, [Year] 
Example: J.M. Bertho and M. Bourguignon, Published by EDP Sciences, 2026
?	If there is one author : ¸ [Initial + Surname], Published by EDP Sciences, [Year] 
?	If there are two authors: ¸ [Initial + Surname and Initial + Surname], Published by EDP Sciences, [Year] 
?	If there are three or more authors: ¸ [Initial + Surname et al.], Published by EDP Sciences, [Year] ";"There must always be :
?	At the top of the page : the ?Open Access? logo
?	At the bottom of the page : the mention ?This is an Open Access article distributed under the terms of the Creative Commons Attribution License (https://creativecommons.org/licenses/by/4.0), which permits unrestricted use, distribution, and reproduction in any medium, provided the original work is properly cited. ?";"If the article belongs to a Special Issue or a Topical Issue, the name of the Special Issue should appear above the banner, like so:
Special Issue/Topical Issue - [Name of the Special Issue/Topical Issue]
Guest Editors: [Names of the Guest Editors]
The font should be the same as that of the main text.";"The article type is displayed on the banner, on the left.
It must be written identically to what is in SAGA. Please respect the uppercase/lowercase letters.";No capital in the title (only at the beginning of the first word of the title, for proper nouns, name of species?).;/;"Full first name + full last name.
The names are separated by commas, except for the last one, which is preceded by ?and?.
There is no full stop at the end of the list of authors.
Example:
Yi-Ping Wang1, Shi-Chuang Jiang1,2,* and Dong Sun13";"The list must be numbered if there is more than one affiliation.
There must be at least one address for each author.
The city and country must be included in the address.
No full stop at the end of the addresses and after acronyms (example: USA, PR China, UK, PO Box?).
Example:
1 School of Optoelectronic and Communication Engineering, Xiamen University of Technology, Xiamen 361024, PR China
2 Fujian Key Laboratory of Optoelectronic Technology and Devices, Xiamen University of Technology, Xiamen 361024, PR China";"Put this symbol ?*? after the name of the corresponding author.
Add this footnote: * Corresponding author: [e-mail of the corresponding author]";"When two authors contributed equally to the manuscript, add this symbol ??? after the names of each author.
Add this footnote: ? These authors contributed equally.";;Received: XX Month XXXX / Accepted: XX Month XXXX;The abstract is preceded by ?Abstract ?? in bold.;"Keywords: keyword 1 / keyword 2 / keyword 3?
?Keywords:? is in bold with an uppercase letter at the start. The keywords are all lowercase.";The translated abstract is preceded by ?R‚sum‚ ?? in bold.;"Centered and at the top of every page.
[Initial + surname of the first author ] et al.: [Journal shortened name], Volume, Article number ([Year])
Example: S. Mathy et al.: J. Eur. Opt. Society-Rapid Publ., 22, 62, 2026
[Initial + surname of the first author ] et al.: [Journal shortened name], Volume, Article number ([Year])
Example: S. Mathy et al.: J. Eur. Opt. Society-Rapid Publ., 22, 62, 2028";"The sections are numbered in Arabic numerals.
Example: 
1 Introduction
2 Theory";The main text of the article should be typeset in font size 10.;The main text should be typeset into two columns.;"Latin terms must appear in roman font (e.g., i.e., cf., et al., in situ, versus, vs., ab initio, a priori, via, in vitro, ad hoc, ...); unbreakable spaces within.";"The standard rules for abbreviation must be followed : https://www.scribbr.com/academic-writing/abbreviations-and-acronyms/.
2. When the authors use an abbreviation for the first time, the authors need to present both the spelled-out version and the short form. 
3. In the spelled-out version, capital letter for the initial letter of each word is only needed for the names of organization or person.";"All measurements, data and symbols (variables) should be given using international norms (ISO) and should always be written in italic.
SI units should be used: the unit ""litre"" should be abbreviated as ""L"" (also mL, æL, etc.), minutes as min, degrees as øC or K. All units should be typeset in roman. There must have a space between a number and its unit.
Equations that are referred to in the text should be numbered with the number on the right-hand side and should be numbered sequentially throughout the text (i.e., (1), (2), (3)). There is no punctuation at the end.";"All figures must be cited within the text.
?	Figures should be numbered sequentially as Figure 1, Figure 2, etc. 
?	They are referred to in the text as Figure 1, Figure 2,  (Fig. 1) etc.
?	Captions should be placed below the figure. The caption is mandatory. There must be a full-stop at the end.";"All tables must be cited within the text.
?	Tables should be numbered sequentially as Table 1, Table 2, etc. 
?	They are referred to in the text as Table 1, Table 2,  (Tab. 1) etc.
?	Captions should be placed above the table. The caption is mandatory. There must be a full-stop at the end.
?	Vertical lines are not permitted; horizontal lines should be kept to a minimum.";"Final sections are inserted just after the conclusion and just before the references.
The titles of the final sections should use the same font as the titles of other sections. The titles and the paragraphs of the final sections should be typeset in font size 9.
To know which final sections are mandatory, kindly check the [final section table].
The possible Final Declarations are:

?	Acknowledgments
?	Funding
If no funding has been provided, please include the statement ""This research did not receive any specific funding"".
?	Conflicts of interest
If no conflict of interest has been provided, please include the statement ""The authors declare that they have no competing interests to report"".
?	Data availability statement
There is a limited phrasing accepted for the Data availability statement, only one of the 5 below:
-	The research data associated with this article are available in [Name of public data repository], under the reference [DOI or other data identifier][1]
-	The research data are available on request from the authors
-	The research data associated with this article are included within the article
-	This article has no associated data generated and/or analyzed
-	Data associated with this article cannot be disclosed due to legal/ethical/other reason.
?	Author contribution statement";"Supplementary material appears after the final statements, before the references.
Example:
Supplementary Material
Name of the Supplementary Material. Short description (optional).
The supplementary material of this article is available at https://[journal]/[DOI]/olm.";"All references in the bibliographical index must correspond to the references cited in the text and vice versa. If not, ask the author when sending the proof.
All references must be numbered.

Remarks :
-	The titles of books and journals are not capitalized. 
-	No journal name begins with ?The?. 
Keep the DOI number if provided.

The journal uses the IEEE style:
https://pitt.libguides.com/citationhelp/ieee";"The citation box is right after the references.
Cite this article as: [Initial]. [Name], ?[Title of the article,]?, [Name of the journal], vol. [Volume], pp. [Pagination], [Month] [Year].
Example: G. Liu, K. Y. Lee, and H. F. Jordan, ""TDM and TWDM de Bruijn networks and shufflenets for optical communications,"" IEEE Trans. Comp., vol. 46, pp. 695-701, June 1997.";"The Appendices or Annexes are after the references.
They are in font size 9 pt.";
ocl;"[Journal shortened name], Volume, Article number ([Year])
Example: J. Eur. Opt. Society-Rapid Publ., 22, 62, 2029";"¸ [Name of the authors], Published by EDP Sciences, [Year] 
Example: J.M. Bertho and M. Bourguignon, Published by EDP Sciences, 2026
?	If there is one author : ¸ [Initial + Surname], Published by EDP Sciences, [Year] 
?	If there are two authors: ¸ [Initial + Surname and Initial + Surname], Published by EDP Sciences, [Year] 
?	If there are three or more authors: ¸ [Initial + Surname et al.], Published by EDP Sciences, [Year] ";"There must always be :
?	At the top of the page : the ?Open Access? logo
?	At the bottom of the page : the mention ?This is an Open Access article distributed under the terms of the Creative Commons Attribution License (https://creativecommons.org/licenses/by/4.0), which permits unrestricted use, distribution, and reproduction in any medium, provided the original work is properly cited. ?";"If the article belongs to a Special Issue or a Topical Issue, the name of the Special Issue should appear above the banner, like so:
Special Issue/Topical Issue - [Name of the Special Issue/Topical Issue]
Guest Editors: [Names of the Guest Editors]
The font should be the same as that of the main text.";"The article type is displayed on the banner, on the left.
It must be written identically to what is in SAGA. Please respect the uppercase/lowercase letters.";No capital in the title (only at the beginning of the first word of the title, for proper nouns, name of species?).;/;"Full first name + full last name.
The names are separated by commas, except for the last one, which is preceded by ?and?.
There is no full stop at the end of the list of authors.
Example:
Yi-Ping Wang1, Shi-Chuang Jiang1,2,* and Dong Sun14";"The list must be numbered if there is more than one affiliation.
There must be at least one address for each author.
The city and country must be included in the address.
No full stop at the end of the addresses and after acronyms (example: USA, PR China, UK, PO Box?).
Example:
1 School of Optoelectronic and Communication Engineering, Xiamen University of Technology, Xiamen 361024, PR China
2 Fujian Key Laboratory of Optoelectronic Technology and Devices, Xiamen University of Technology, Xiamen 361024, PR China";"Put this symbol ?*? after the name of the corresponding author.
Add this footnote: * Corresponding author: [e-mail of the corresponding author]";"When two authors contributed equally to the manuscript, add this symbol ??? after the names of each author.
Add this footnote: ? These authors contributed equally.";;Received: XX Month XXXX / Accepted: XX Month XXXX;The abstract is preceded by ?Abstract ?? in bold.;"Keywords: keyword 1 / keyword 2 / keyword 3?
?Keywords:? is in bold with an uppercase letter at the start. The keywords are all lowercase.";The translated abstract is preceded by ?R‚sum‚ ?? in bold.;"Centered and at the top of every page.
[Initial + surname of the first author ] et al.: [Journal shortened name], Volume, Article number ([Year])
Example: S. Mathy et al.: J. Eur. Opt. Society-Rapid Publ., 22, 62, 2026
[Initial + surname of the first author ] et al.: [Journal shortened name], Volume, Article number ([Year])
Example: S. Mathy et al.: J. Eur. Opt. Society-Rapid Publ., 22, 62, 2029";"The sections are numbered in Arabic numerals.
Example: 
1 Introduction
2 Theory";The main text of the article should be typeset in font size 10.;The main text should be typeset into two columns.;"Latin terms must appear in italic font (e.g., i.e., cf., et al., in situ, versus, vs., ab initio, a priori, via, in vitro, ad hoc, ...); unbreakable spaces within.";"The standard rules for abbreviation must be followed : https://www.scribbr.com/academic-writing/abbreviations-and-acronyms/.
2. When the authors use an abbreviation for the first time, the authors need to present both the spelled-out version and the short form. 
3. In the spelled-out version, capital letter for the initial letter of each word is only needed for the names of organization or person.";"All measurements, data and symbols (variables) should be given using international norms (ISO) and should always be written in italic.
SI units should be used: the unit ""litre"" should be abbreviated as ""L"" (also mL, æL, etc.), minutes as min, degrees as øC or K. All units should be typeset in roman. There must have a space between a number and its unit.
Equations that are referred to in the text should be numbered with the number on the right-hand side and should be numbered sequentially throughout the text (i.e., (1), (2), (3)). There is no punctuation at the end.";"All figures must be cited within the text.
?	Figures should be numbered sequentially as Figure 1, Figure 2, etc. 
?	They are referred to in the text as Figure 1, Figure 2,  (Fig. 1) etc.
?	Captions should be placed below the figure. The caption is mandatory. There must be a full-stop at the end.";"All tables must be cited within the text.
?	Tables should be numbered sequentially as Table 1, Table 2, etc. 
?	They are referred to in the text as Table 1, Table 2,  (Tab. 1) etc.
?	Captions should be placed above the table. The caption is mandatory. There must be a full-stop at the end.
?	Vertical lines are not permitted; horizontal lines should be kept to a minimum.";"Final sections are inserted just after the conclusion and just before the references.
The titles of the final sections should use the same font as the titles of other sections. The titles and the paragraphs of the final sections should be typeset in font size 9.
To know which final sections are mandatory, kindly check the [final section table].
The possible Final Declarations are:

?	Acknowledgments
?	Funding
If no funding has been provided, please include the statement ""This research did not receive any specific funding"".
?	Conflicts of interest
If no conflict of interest has been provided, please include the statement ""The authors declare that they have no competing interests to report"".
?	Data availability statement
There is a limited phrasing accepted for the Data availability statement, only one of the 5 below:
-	The research data associated with this article are available in [Name of public data repository], under the reference [DOI or other data identifier][1]
-	The research data are available on request from the authors
-	The research data associated with this article are included within the article
-	This article has no associated data generated and/or analyzed
-	Data associated with this article cannot be disclosed due to legal/ethical/other reason.
?	Author contribution statement";"Supplementary material appears after the final statements, before the references.
Example:
Supplementary Material
Name of the Supplementary Material. Short description (optional).
The supplementary material of this article is available at https://[journal]/[DOI]/olm.";"All references in the bibliographical index must correspond to the references cited in the text and vice versa. If not, ask the author when sending the proof.
All references must be numbered.

Remarks :
-	The titles of books and journals are not capitalized. 
-	No journal name begins with ?The?. 
Keep the DOI number if provided.

The journal uses the IEEE style:
https://pitt.libguides.com/citationhelp/ieee";"The citation box is right after the references.
Cite this article as: [Initial]. [Name], ?[Title of the article,]?, [Name of the journal], vol. [Volume], pp. [Pagination], [Month] [Year].
Example: G. Liu, K. Y. Lee, and H. F. Jordan, ""TDM and TWDM de Bruijn networks and shufflenets for optical communications,"" IEEE Trans. Comp., vol. 46, pp. 695-701, June 1997.";"The Appendices or Annexes are after the references.
They are in font size 9 pt.";
rees;"[Journal shortened name], Volume, Article number ([Year])
Example: J. Eur. Opt. Society-Rapid Publ., 22, 62, 2030";"¸ [Name of the authors], Published by EDP Sciences, [Year] 
Example: J.M. Bertho and M. Bourguignon, Published by EDP Sciences, 2026
?	If there is one author : ¸ [Initial + Surname], Published by EDP Sciences, [Year] 
?	If there are two authors: ¸ [Initial + Surname and Initial + Surname], Published by EDP Sciences, [Year] 
?	If there are three or more authors: ¸ [Initial + Surname et al.], Published by EDP Sciences, [Year] ";"There must always be :
?	At the top of the page : the ?Open Access? logo
?	At the bottom of the page : the mention ?This is an Open Access article distributed under the terms of the Creative Commons Attribution License (https://creativecommons.org/licenses/by/4.0), which permits unrestricted use, distribution, and reproduction in any medium, provided the original work is properly cited. ?";"If the article belongs to a Special Issue or a Topical Issue, the name of the Special Issue should appear above the banner, like so:
Special Issue/Topical Issue - [Name of the Special Issue/Topical Issue]
Guest Editors: [Names of the Guest Editors]
The font should be the same as that of the main text.";"The article type is displayed on the banner, on the left.
It must be written identically to what is in SAGA. Please respect the uppercase/lowercase letters.";No capital in the title (only at the beginning of the first word of the title, for proper nouns, name of species?).;/;"Full first name + full last name.
The names are separated by commas, except for the last one, which is preceded by ?and?.
There is no full stop at the end of the list of authors.
Example:
Yi-Ping Wang1, Shi-Chuang Jiang1,2,* and Dong Sun15";"The list must be numbered if there is more than one affiliation.
There must be at least one address for each author.
The city and country must be included in the address.
No full stop at the end of the addresses and after acronyms (example: USA, PR China, UK, PO Box?).
Example:
1 School of Optoelectronic and Communication Engineering, Xiamen University of Technology, Xiamen 361024, PR China
2 Fujian Key Laboratory of Optoelectronic Technology and Devices, Xiamen University of Technology, Xiamen 361024, PR China";"Put this symbol ?*? after the name of the corresponding author.
Add this footnote: * Corresponding author: [e-mail of the corresponding author]";"When two authors contributed equally to the manuscript, add this symbol ??? after the names of each author.
Add this footnote: ? These authors contributed equally.";;Received: XX Month XXXX / Accepted: XX Month XXXX;The abstract is preceded by ?Abstract ?? in bold.;"Keywords: keyword 1 / keyword 2 / keyword 3?
?Keywords:? is in bold with an uppercase letter at the start. The keywords are all lowercase.";The translated abstract is preceded by ?R‚sum‚ ?? in bold.;"Centered and at the top of every page.
[Initial + surname of the first author ] et al.: [Journal shortened name], Volume, Article number ([Year])
Example: S. Mathy et al.: J. Eur. Opt. Society-Rapid Publ., 22, 62, 2026
[Initial + surname of the first author ] et al.: [Journal shortened name], Volume, Article number ([Year])
Example: S. Mathy et al.: J. Eur. Opt. Society-Rapid Publ., 22, 62, 2030";"The sections are numbered in Arabic numerals.
Example: 
1 Introduction
2 Theory";The main text of the article should be typeset in font size 10.;The main text should be typeset into two columns.;"Latin terms must appear in roman font (e.g., i.e., cf., et al., in situ, versus, vs., ab initio, a priori, via, in vitro, ad hoc, ...); unbreakable spaces within.";"The standard rules for abbreviation must be followed : https://www.scribbr.com/academic-writing/abbreviations-and-acronyms/.
2. When the authors use an abbreviation for the first time, the authors need to present both the spelled-out version and the short form. 
3. In the spelled-out version, capital letter for the initial letter of each word is only needed for the names of organization or person.";"All measurements, data and symbols (variables) should be given using international norms (ISO) and should always be written in italic.
SI units should be used: the unit ""litre"" should be abbreviated as ""L"" (also mL, æL, etc.), minutes as min, degrees as øC or K. All units should be typeset in roman. There must have a space between a number and its unit.
Equations that are referred to in the text should be numbered with the number on the right-hand side and should be numbered sequentially throughout the text (i.e., (1), (2), (3)). There is no punctuation at the end.";"All figures must be cited within the text.
?	Figures should be numbered sequentially as Figure 1, Figure 2, etc. 
?	They are referred to in the text as Figure 1, Figure 2,  (Fig. 1) etc.
?	Captions should be placed below the figure. The caption is mandatory. There must be a full-stop at the end.";"All tables must be cited within the text.
?	Tables should be numbered sequentially as Table 1, Table 2, etc. 
?	They are referred to in the text as Table 1, Table 2,  (Tab. 1) etc.
?	Captions should be placed above the table. The caption is mandatory. There must be a full-stop at the end.
?	Vertical lines are not permitted; horizontal lines should be kept to a minimum.";"Final sections are inserted just after the conclusion and just before the references.
The titles of the final sections should use the same font as the titles of other sections. The titles and the paragraphs of the final sections should be typeset in font size 9.
To know which final sections are mandatory, kindly check the [final section table].
The possible Final Declarations are:

?	Acknowledgments
?	Funding
If no funding has been provided, please include the statement ""This research did not receive any specific funding"".
?	Conflicts of interest
If no conflict of interest has been provided, please include the statement ""The authors declare that they have no competing interests to report"".
?	Data availability statement
There is a limited phrasing accepted for the Data availability statement, only one of the 5 below:
-	The research data associated with this article are available in [Name of public data repository], under the reference [DOI or other data identifier][1]
-	The research data are available on request from the authors
-	The research data associated with this article are included within the article
-	This article has no associated data generated and/or analyzed
-	Data associated with this article cannot be disclosed due to legal/ethical/other reason.
?	Author contribution statement";"Supplementary material appears after the final statements, before the references.
Example:
Supplementary Material
Name of the Supplementary Material. Short description (optional).
The supplementary material of this article is available at https://[journal]/[DOI]/olm.";"All references in the bibliographical index must correspond to the references cited in the text and vice versa. If not, ask the author when sending the proof.
All references must be numbered.

Remarks :
-	The titles of books and journals are not capitalized. 
-	No journal name begins with ?The?. 
Keep the DOI number if provided.

The journal uses the IEEE style:
https://pitt.libguides.com/citationhelp/ieee";"The citation box is right after the references.
Cite this article as: [Initial]. [Name], ?[Title of the article,]?, [Name of the journal], vol. [Volume], pp. [Pagination], [Month] [Year].
Example: G. Liu, K. Y. Lee, and H. F. Jordan, ""TDM and TWDM de Bruijn networks and shufflenets for optical communications,"" IEEE Trans. Comp., vol. 46, pp. 695-701, June 1997.";"The Appendices or Annexes are after the references.
They are in font size 9 pt.";
stet;"[Journal shortened name], Volume, Article number ([Year])
Example: J. Eur. Opt. Society-Rapid Publ., 22, 62, 2031";"¸ [Name of the authors], Published by EDP Sciences, [Year] 
Example: J.M. Bertho and M. Bourguignon, Published by EDP Sciences, 2026
?	If there is one author : ¸ [Initial + Surname], Published by EDP Sciences, [Year] 
?	If there are two authors: ¸ [Initial + Surname and Initial + Surname], Published by EDP Sciences, [Year] 
?	If there are three or more authors: ¸ [Initial + Surname et al.], Published by EDP Sciences, [Year] ";"There must always be :
?	At the top of the page : the ?Open Access? logo
?	At the bottom of the page : the mention ?This is an Open Access article distributed under the terms of the Creative Commons Attribution License (https://creativecommons.org/licenses/by/4.0), which permits unrestricted use, distribution, and reproduction in any medium, provided the original work is properly cited. ?";"If the article belongs to a Special Issue or a Topical Issue, the name of the Special Issue should appear above the banner, like so:
Special Issue/Topical Issue - [Name of the Special Issue/Topical Issue]
Guest Editors: [Names of the Guest Editors]
The font should be the same as that of the main text.";"The article type is displayed on the banner, on the left.
It must be written identically to what is in SAGA. Please respect the uppercase/lowercase letters.";No capital in the title (only at the beginning of the first word of the title, for proper nouns, name of species?).;/;"Full first name + full last name.
The names are separated by commas, except for the last one, which is preceded by ?and?.
There is no full stop at the end of the list of authors.
Example:
Yi-Ping Wang1, Shi-Chuang Jiang1,2,* and Dong Sun16";"The list must be numbered if there is more than one affiliation.
There must be at least one address for each author.
The city and country must be included in the address.
No full stop at the end of the addresses and after acronyms (example: USA, PR China, UK, PO Box?).
Example:
1 School of Optoelectronic and Communication Engineering, Xiamen University of Technology, Xiamen 361024, PR China
2 Fujian Key Laboratory of Optoelectronic Technology and Devices, Xiamen University of Technology, Xiamen 361024, PR China";"Put this symbol ?*? after the name of the corresponding author.
Add this footnote: * Corresponding author: [e-mail of the corresponding author]";"When two authors contributed equally to the manuscript, add this symbol ??? after the names of each author.
Add this footnote: ? These authors contributed equally.";;Received: XX Month XXXX / Accepted: XX Month XXXX;The abstract is preceded by ?Abstract ?? in bold.;"Keywords: keyword 1 / keyword 2 / keyword 3?
?Keywords:? is in bold with an uppercase letter at the start. The keywords are all lowercase.";The translated abstract is preceded by ?R‚sum‚ ?? in bold.;"Centered and at the top of every page.
[Initial + surname of the first author ] et al.: [Journal shortened name], Volume, Article number ([Year])
Example: S. Mathy et al.: J. Eur. Opt. Society-Rapid Publ., 22, 62, 2026
[Initial + surname of the first author ] et al.: [Journal shortened name], Volume, Article number ([Year])
Example: S. Mathy et al.: J. Eur. Opt. Society-Rapid Publ., 22, 62, 2031";"The sections are numbered in Arabic numerals.
Example: 
1 Introduction
2 Theory";The main text of the article should be typeset in font size 10.;The main text should be typeset into two columns.;"Latin terms must appear in roman font (e.g., i.e., cf., et al., in situ, versus, vs., ab initio, a priori, via, in vitro, ad hoc, ...); unbreakable spaces within.";"The standard rules for abbreviation must be followed : https://www.scribbr.com/academic-writing/abbreviations-and-acronyms/.
2. When the authors use an abbreviation for the first time, the authors need to present both the spelled-out version and the short form. 
3. In the spelled-out version, capital letter for the initial letter of each word is only needed for the names of organization or person.";"All measurements, data and symbols (variables) should be given using international norms (ISO) and should always be written in italic.
SI units should be used: the unit ""litre"" should be abbreviated as ""L"" (also mL, æL, etc.), minutes as min, degrees as øC or K. All units should be typeset in roman. There must have a space between a number and its unit.
Equations that are referred to in the text should be numbered with the number on the right-hand side and should be numbered sequentially throughout the text (i.e., (1), (2), (3)). There is no punctuation at the end.";"All figures must be cited within the text.
?	Figures should be numbered sequentially as Figure 1, Figure 2, etc. 
?	They are referred to in the text as Figure 1, Figure 2,  (Fig. 1) etc.
?	Captions should be placed below the figure. The caption is mandatory. There must be a full-stop at the end.";"All tables must be cited within the text.
?	Tables should be numbered sequentially as Table 1, Table 2, etc. 
?	They are referred to in the text as Table 1, Table 2,  (Tab. 1) etc.
?	Captions should be placed above the table. The caption is mandatory. There must be a full-stop at the end.
?	Vertical lines are not permitted; horizontal lines should be kept to a minimum.";"Final sections are inserted just after the conclusion and just before the references.
The titles of the final sections should use the same font as the titles of other sections. The titles and the paragraphs of the final sections should be typeset in font size 9.
To know which final sections are mandatory, kindly check the [final section table].
The possible Final Declarations are:

?	Acknowledgments
?	Funding
If no funding has been provided, please include the statement ""This research did not receive any specific funding"".
?	Conflicts of interest
If no conflict of interest has been provided, please include the statement ""The authors declare that they have no competing interests to report"".
?	Data availability statement
There is a limited phrasing accepted for the Data availability statement, only one of the 5 below:
-	The research data associated with this article are available in [Name of public data repository], under the reference [DOI or other data identifier][1]
-	The research data are available on request from the authors
-	The research data associated with this article are included within the article
-	This article has no associated data generated and/or analyzed
-	Data associated with this article cannot be disclosed due to legal/ethical/other reason.
?	Author contribution statement";"Supplementary material appears after the final statements, before the references.
Example:
Supplementary Material
Name of the Supplementary Material. Short description (optional).
The supplementary material of this article is available at https://[journal]/[DOI]/olm.";"All references in the bibliographical index must correspond to the references cited in the text and vice versa. If not, ask the author when sending the proof.
All references must be numbered.

Remarks :
-	The titles of books and journals are not capitalized. 
-	No journal name begins with ?The?. 
Keep the DOI number if provided.

The journal uses the IEEE style:
https://pitt.libguides.com/citationhelp/ieee";"The citation box is right after the references.
Cite this article as: [Initial]. [Name], ?[Title of the article,]?, [Name of the journal], vol. [Volume], pp. [Pagination], [Month] [Year].
Example: G. Liu, K. Y. Lee, and H. F. Jordan, ""TDM and TWDM de Bruijn networks and shufflenets for optical communications,"" IEEE Trans. Comp., vol. 46, pp. 695-701, June 1997.";"The Appendices or Annexes are after the references.
They are in font size 9 pt.";
kmae;"[Journal shortened name], Volume, Article number ([Year])
Example: J. Eur. Opt. Society-Rapid Publ., 22, 62, 2032";"¸ [Name of the authors], Published by EDP Sciences, [Year] 
Example: J.M. Bertho and M. Bourguignon, Published by EDP Sciences, 2026
?	If there is one author : ¸ [Initial + Surname], Published by EDP Sciences, [Year] 
?	If there are two authors: ¸ [Initial + Surname and Initial + Surname], Published by EDP Sciences, [Year] 
?	If there are three or more authors: ¸ [Initial + Surname et al.], Published by EDP Sciences, [Year] ";"There must always be :
?	At the top of the page : the ?Open Access? logo
?	At the bottom of the page : the mention ?This is an Open Access article distributed under the terms of the Creative Commons Attribution License (https://creativecommons.org/licenses/by/4.0), which permits unrestricted use, distribution, and reproduction in any medium, provided the original work is properly cited. ?";"If the article belongs to a Special Issue or a Topical Issue, the name of the Special Issue should appear above the banner, like so:
Special Issue/Topical Issue - [Name of the Special Issue/Topical Issue]
Guest Editors: [Names of the Guest Editors]
The font should be the same as that of the main text.";"The article type is displayed on the banner, on the left.
It must be written identically to what is in SAGA. Please respect the uppercase/lowercase letters.";No capital in the title (only at the beginning of the first word of the title, for proper nouns, name of species?).;/;"Full first name + full last name.
The names are separated by commas, except for the last one, which is preceded by ?and?.
There is no full stop at the end of the list of authors.
Example:
Yi-Ping Wang1, Shi-Chuang Jiang1,2,* and Dong Sun17";"The list must be numbered if there is more than one affiliation.
There must be at least one address for each author.
The city and country must be included in the address.
No full stop at the end of the addresses and after acronyms (example: USA, PR China, UK, PO Box?).
Example:
1 School of Optoelectronic and Communication Engineering, Xiamen University of Technology, Xiamen 361024, PR China
2 Fujian Key Laboratory of Optoelectronic Technology and Devices, Xiamen University of Technology, Xiamen 361024, PR China";"Put this symbol ?*? after the name of the corresponding author.
Add this footnote: * Corresponding author: [e-mail of the corresponding author]";"When two authors contributed equally to the manuscript, add this symbol ??? after the names of each author.
Add this footnote: ? These authors contributed equally.";;Received: XX Month XXXX / Accepted: XX Month XXXX;The abstract is preceded by ?Abstract ?? in bold.;"Keywords: keyword 1 / keyword 2 / keyword 3?
?Keywords:? is in bold with an uppercase letter at the start. The keywords are all lowercase.";The translated abstract is preceded by ?R‚sum‚ ?? in bold.;"Centered and at the top of every page.
[Initial + surname of the first author ] et al.: [Journal shortened name], Volume, Article number ([Year])
Example: S. Mathy et al.: J. Eur. Opt. Society-Rapid Publ., 22, 62, 2026
[Initial + surname of the first author ] et al.: [Journal shortened name], Volume, Article number ([Year])
Example: S. Mathy et al.: J. Eur. Opt. Society-Rapid Publ., 22, 62, 2032";"The sections are numbered in Arabic numerals.
Example: 
1 Introduction
2 Theory";The main text of the article should be typeset in font size 10.;The main text should be typeset into two columns.;"Latin terms must appear in italic font (e.g., i.e., cf., et al., in situ, versus, vs., ab initio, a priori, via, in vitro, ad hoc, ...); unbreakable spaces within.";"The standard rules for abbreviation must be followed : https://www.scribbr.com/academic-writing/abbreviations-and-acronyms/.
2. When the authors use an abbreviation for the first time, the authors need to present both the spelled-out version and the short form. 
3. In the spelled-out version, capital letter for the initial letter of each word is only needed for the names of organization or person.";"All measurements, data and symbols (variables) should be given using international norms (ISO) and should always be written in italic.
SI units should be used: the unit ""litre"" should be abbreviated as ""L"" (also mL, æL, etc.), minutes as min, degrees as øC or K. All units should be typeset in roman. There must have a space between a number and its unit.
Equations that are referred to in the text should be numbered with the number on the right-hand side and should be numbered sequentially throughout the text (i.e., (1), (2), (3)). There is no punctuation at the end.";"All figures must be cited within the text.
?	Figures should be numbered sequentially as Figure 1, Figure 2, etc. 
?	They are referred to in the text as Figure 1, Figure 2,  (Fig. 1) etc.
?	Captions should be placed below the figure. The caption is mandatory. There must be a full-stop at the end.";"All tables must be cited within the text.
?	Tables should be numbered sequentially as Table 1, Table 2, etc. 
?	They are referred to in the text as Table 1, Table 2,  (Tab. 1) etc.
?	Captions should be placed above the table. The caption is mandatory. There must be a full-stop at the end.
?	Vertical lines are not permitted; horizontal lines should be kept to a minimum.";"Final sections are inserted just after the conclusion and just before the references.
The titles of the final sections should use the same font as the titles of other sections. The titles and the paragraphs of the final sections should be typeset in font size 9.
To know which final sections are mandatory, kindly check the [final section table].
The possible Final Declarations are:

?	Acknowledgments
?	Funding
If no funding has been provided, please include the statement ""This research did not receive any specific funding"".
?	Conflicts of interest
If no conflict of interest has been provided, please include the statement ""The authors declare that they have no competing interests to report"".
?	Data availability statement
There is a limited phrasing accepted for the Data availability statement, only one of the 5 below:
-	The research data associated with this article are available in [Name of public data repository], under the reference [DOI or other data identifier][1]
-	The research data are available on request from the authors
-	The research data associated with this article are included within the article
-	This article has no associated data generated and/or analyzed
-	Data associated with this article cannot be disclosed due to legal/ethical/other reason.
?	Author contribution statement";"Supplementary material appears after the final statements, before the references.
Example:
Supplementary Material
Name of the Supplementary Material. Short description (optional).
The supplementary material of this article is available at https://[journal]/[DOI]/olm.";"All references in the bibliographical index must correspond to the references cited in the text and vice versa. If not, ask the author when sending the proof.
All references must be numbered.

Remarks :
-	The titles of books and journals are not capitalized. 
-	No journal name begins with ?The?. 
Keep the DOI number if provided.

The journal uses the IEEE style:
https://pitt.libguides.com/citationhelp/ieee";"The citation box is right after the references.
Cite this article as: [Initial]. [Name], ?[Title of the article,]?, [Name of the journal], vol. [Volume], pp. [Pagination], [Month] [Year].
Example: G. Liu, K. Y. Lee, and H. F. Jordan, ""TDM and TWDM de Bruijn networks and shufflenets for optical communications,"" IEEE Trans. Comp., vol. 46, pp. 695-701, June 1997.";"The Appendices or Annexes are after the references.
They are in font size 9 pt.";
mattech;"[Journal shortened name], Volume, Article number ([Year])
Example: J. Eur. Opt. Society-Rapid Publ., 22, 62, 2033";"¸ [Name of the authors], Published by EDP Sciences, [Year] 
Example: J.M. Bertho and M. Bourguignon, Published by EDP Sciences, 2026
?	If there is one author : ¸ [Initial + Surname], Published by EDP Sciences, [Year] 
?	If there are two authors: ¸ [Initial + Surname and Initial + Surname], Published by EDP Sciences, [Year] 
?	If there are three or more authors: ¸ [Initial + Surname et al.], Published by EDP Sciences, [Year] ";/;"If the article belongs to a Special Issue or a Topical Issue, the name of the Special Issue should appear above the banner, like so:
Special Issue/Topical Issue - [Name of the Special Issue/Topical Issue]
Guest Editors: [Names of the Guest Editors]
The font should be the same as that of the main text.";"The article type is displayed on the banner, on the left.
It must be written identically to what is in SAGA. Please respect the uppercase/lowercase letters.";No capital in the title (only at the beginning of the first word of the title, for proper nouns, name of species?).;"No capital in the title (only at the beginning of the first word of the title, for proper nouns, name of species?).
The translated title is set in bold at the beginning of the translated abstract.";"Full first name + full last name.
The names are separated by commas, except for the last one, which is preceded by ?and?.
There is no full stop at the end of the list of authors.
Example:
Yi-Ping Wang1, Shi-Chuang Jiang1,2,* and Dong Sun18";"The list must be numbered if there is more than one affiliation.
There must be at least one address for each author.
The city and country must be included in the address.
No full stop at the end of the addresses and after acronyms (example: USA, PR China, UK, PO Box?).
Example:
1 School of Optoelectronic and Communication Engineering, Xiamen University of Technology, Xiamen 361024, PR China
2 Fujian Key Laboratory of Optoelectronic Technology and Devices, Xiamen University of Technology, Xiamen 361024, PR China";"Put this symbol ?*? after the name of the corresponding author.
Add this footnote: * Corresponding author: [e-mail of the corresponding author]";"When two authors contributed equally to the manuscript, add this symbol ??? after the names of each author.
Add this footnote: ? These authors contributed equally.";;Received: XX Month XXXX / Accepted: XX Month XXXX;The abstract is preceded by ?Abstract ?? in bold.;"Keywords: keyword 1 / keyword 2 / keyword 3?
?Keywords:? is in bold with an uppercase letter at the start. The keywords are all lowercase.";The translated abstract is preceded by ?R‚sum‚ ?? in bold.;"Centered and at the top of every page.
[Initial + surname of the first author ] et al.: [Journal shortened name], Volume, Article number ([Year])
Example: S. Mathy et al.: J. Eur. Opt. Society-Rapid Publ., 22, 62, 2026
[Initial + surname of the first author ] et al.: [Journal shortened name], Volume, Article number ([Year])
Example: S. Mathy et al.: J. Eur. Opt. Society-Rapid Publ., 22, 62, 2033";"The sections are numbered in Arabic numerals.
Example: 
1 Introduction
2 Theory";The main text of the article should be typeset in font size 10.;The main text should be typeset into two columns.;"Latin terms must appear in roman font (e.g., i.e., cf., et al., in situ, versus, vs., ab initio, a priori, via, in vitro, ad hoc, ...); unbreakable spaces within.";"The standard rules for abbreviation must be followed : https://www.scribbr.com/academic-writing/abbreviations-and-acronyms/.
2. When the authors use an abbreviation for the first time, the authors need to present both the spelled-out version and the short form. 
3. In the spelled-out version, capital letter for the initial letter of each word is only needed for the names of organization or person.";"All measurements, data and symbols (variables) should be given using international norms (ISO) and should always be written in italic.
SI units should be used: the unit ""litre"" should be abbreviated as ""L"" (also mL, æL, etc.), minutes as min, degrees as øC or K. All units should be typeset in roman. There must have a space between a number and its unit.
Equations that are referred to in the text should be numbered with the number on the right-hand side and should be numbered sequentially throughout the text (i.e., (1), (2), (3)). There is no punctuation at the end.";"All figures must be cited within the text.
?	Figures should be numbered sequentially as Figure 1, Figure 2, etc. 
?	They are referred to in the text as Figure 1, Figure 2,  (Fig. 1) etc.
?	Captions should be placed below the figure. The caption is mandatory. There must be a full-stop at the end.";"All tables must be cited within the text.
?	Tables should be numbered sequentially as Table 1, Table 2, etc. 
?	They are referred to in the text as Table 1, Table 2,  (Tab. 1) etc.
?	Captions should be placed above the table. The caption is mandatory. There must be a full-stop at the end.
?	Vertical lines are not permitted; horizontal lines should be kept to a minimum.";"Final sections are inserted just after the conclusion and just before the references.
The titles of the final sections should use the same font as the titles of other sections. The titles and the paragraphs of the final sections should be typeset in font size 9.
To know which final sections are mandatory, kindly check the [final section table].
The possible Final Declarations are:

?	Acknowledgments
?	Funding
If no funding has been provided, please include the statement ""This research did not receive any specific funding"".
?	Conflicts of interest
If no conflict of interest has been provided, please include the statement ""The authors declare that they have no competing interests to report"".
?	Data availability statement
There is a limited phrasing accepted for the Data availability statement, only one of the 5 below:
-	The research data associated with this article are available in [Name of public data repository], under the reference [DOI or other data identifier][1]
-	The research data are available on request from the authors
-	The research data associated with this article are included within the article
-	This article has no associated data generated and/or analyzed
-	Data associated with this article cannot be disclosed due to legal/ethical/other reason.
?	Author contribution statement";"Supplementary material appears after the final statements, before the references.
Example:
Supplementary Material
Name of the Supplementary Material. Short description (optional).
The supplementary material of this article is available at https://[journal]/[DOI]/olm.";"All references in the bibliographical index must correspond to the references cited in the text and vice versa. If not, ask the author when sending the proof.
All references must be numbered.

Remarks :
-	The titles of books and journals are not capitalized. 
-	No journal name begins with ?The?. 
Keep the DOI number if provided.

The journal uses the IEEE style:
https://pitt.libguides.com/citationhelp/ieee";"The citation box is right after the references.
Cite this article as: [Initial]. [Name], ?[Title of the article,]?, [Name of the journal], vol. [Volume], pp. [Pagination], [Month] [Year].
Example: G. Liu, K. Y. Lee, and H. F. Jordan, ""TDM and TWDM de Bruijn networks and shufflenets for optical communications,"" IEEE Trans. Comp., vol. 46, pp. 695-701, June 1997.";"The Appendices or Annexes are after the references.
They are in font size 9 pt.";
meca;"[Journal shortened name], Volume, Article number ([Year])
Example: J. Eur. Opt. Society-Rapid Publ., 22, 62, 2034";"¸ [Name of the authors], Published by EDP Sciences, [Year] 
Example: J.M. Bertho and M. Bourguignon, Published by EDP Sciences, 2026
?	If there is one author : ¸ [Initial + Surname], Published by EDP Sciences, [Year] 
?	If there are two authors: ¸ [Initial + Surname and Initial + Surname], Published by EDP Sciences, [Year] 
?	If there are three or more authors: ¸ [Initial + Surname et al.], Published by EDP Sciences, [Year] ";"There must always be :
?	At the top of the page : the ?Open Access? logo
?	At the bottom of the page : the mention ?This is an Open Access article distributed under the terms of the Creative Commons Attribution License (https://creativecommons.org/licenses/by/4.0), which permits unrestricted use, distribution, and reproduction in any medium, provided the original work is properly cited. ?";"If the article belongs to a Special Issue or a Topical Issue, the name of the Special Issue should appear above the banner, like so:
Special Issue/Topical Issue - [Name of the Special Issue/Topical Issue]
Guest Editors: [Names of the Guest Editors]
The font should be the same as that of the main text.";"The article type is displayed on the banner, on the left.
It must be written identically to what is in SAGA. Please respect the uppercase/lowercase letters.";No capital in the title (only at the beginning of the first word of the title, for proper nouns, name of species?).;/;"Full first name + full last name.
The names are separated by commas, except for the last one, which is preceded by ?and?.
There is no full stop at the end of the list of authors.
Example:
Yi-Ping Wang1, Shi-Chuang Jiang1,2,* and Dong Sun19";"The list must be numbered if there is more than one affiliation.
There must be at least one address for each author.
The city and country must be included in the address.
No full stop at the end of the addresses and after acronyms (example: USA, PR China, UK, PO Box?).
Example:
1 School of Optoelectronic and Communication Engineering, Xiamen University of Technology, Xiamen 361024, PR China
2 Fujian Key Laboratory of Optoelectronic Technology and Devices, Xiamen University of Technology, Xiamen 361024, PR China";"Put this symbol ?*? after the name of the corresponding author.
Add this footnote: * Corresponding author: [e-mail of the corresponding author]";"When two authors contributed equally to the manuscript, add this symbol ??? after the names of each author.
Add this footnote: ? These authors contributed equally.";;Received: XX Month XXXX / Accepted: XX Month XXXX;The abstract is preceded by ?Abstract ?? in bold.;"Keywords: keyword 1 / keyword 2 / keyword 3?
?Keywords:? is in bold with an uppercase letter at the start. The keywords are all lowercase.";The translated abstract is preceded by ?R‚sum‚ ?? in bold.;"Centered and at the top of every page.
[Initial + surname of the first author ] et al.: [Journal shortened name], Volume, Article number ([Year])
Example: S. Mathy et al.: J. Eur. Opt. Society-Rapid Publ., 22, 62, 2026
[Initial + surname of the first author ] et al.: [Journal shortened name], Volume, Article number ([Year])
Example: S. Mathy et al.: J. Eur. Opt. Society-Rapid Publ., 22, 62, 2034";"The sections are numbered in Arabic numerals.
Example: 
1 Introduction
2 Theory";The main text of the article should be typeset in font size 10.;The main text should be typeset into two columns.;"Latin terms must appear in roman font (e.g., i.e., cf., et al., in situ, versus, vs., ab initio, a priori, via, in vitro, ad hoc, ...); unbreakable spaces within.";"The standard rules for abbreviation must be followed : https://www.scribbr.com/academic-writing/abbreviations-and-acronyms/.
2. When the authors use an abbreviation for the first time, the authors need to present both the spelled-out version and the short form. 
3. In the spelled-out version, capital letter for the initial letter of each word is only needed for the names of organization or person.";"All measurements, data and symbols (variables) should be given using international norms (ISO) and should always be written in italic.
SI units should be used: the unit ""litre"" should be abbreviated as ""L"" (also mL, æL, etc.), minutes as min, degrees as øC or K. All units should be typeset in roman. There must have a space between a number and its unit.
Equations that are referred to in the text should be numbered with the number on the right-hand side and should be numbered sequentially throughout the text (i.e., (1), (2), (3)). There is no punctuation at the end.";"All figures must be cited within the text.
?	Figures should be numbered sequentially as Figure 1, Figure 2, etc. 
?	They are referred to in the text as Figure 1, Figure 2,  (Fig. 1) etc.
?	Captions should be placed below the figure. The caption is mandatory. There must be a full-stop at the end.";"All tables must be cited within the text.
?	Tables should be numbered sequentially as Table 1, Table 2, etc. 
?	They are referred to in the text as Table 1, Table 2,  (Tab. 1) etc.
?	Captions should be placed above the table. The caption is mandatory. There must be a full-stop at the end.
?	Vertical lines are not permitted; horizontal lines should be kept to a minimum.";"Final sections are inserted just after the conclusion and just before the references.
The titles of the final sections should use the same font as the titles of other sections. The titles and the paragraphs of the final sections should be typeset in font size 9.
To know which final sections are mandatory, kindly check the [final section table].
The possible Final Declarations are:

?	Acknowledgments
?	Funding
If no funding has been provided, please include the statement ""This research did not receive any specific funding"".
?	Conflicts of interest
If no conflict of interest has been provided, please include the statement ""The authors declare that they have no competing interests to report"".
?	Data availability statement
There is a limited phrasing accepted for the Data availability statement, only one of the 5 below:
-	The research data associated with this article are available in [Name of public data repository], under the reference [DOI or other data identifier][1]
-	The research data are available on request from the authors
-	The research data associated with this article are included within the article
-	This article has no associated data generated and/or analyzed
-	Data associated with this article cannot be disclosed due to legal/ethical/other reason.
?	Author contribution statement";"Supplementary material appears after the final statements, before the references.
Example:
Supplementary Material
Name of the Supplementary Material. Short description (optional).
The supplementary material of this article is available at https://[journal]/[DOI]/olm.";"All references in the bibliographical index must correspond to the references cited in the text and vice versa. If not, ask the author when sending the proof.
All references must be numbered.

Remarks :
-	The titles of books and journals are not capitalized. 
-	No journal name begins with ?The?. 
Keep the DOI number if provided.

The journal uses the IEEE style:
https://pitt.libguides.com/citationhelp/ieee";"The citation box is right after the references.
Cite this article as: [Initial]. [Name], ?[Title of the article,]?, [Name of the journal], vol. [Volume], pp. [Pagination], [Month] [Year].
Example: G. Liu, K. Y. Lee, and H. F. Jordan, ""TDM and TWDM de Bruijn networks and shufflenets for optical communications,"" IEEE Trans. Comp., vol. 46, pp. 695-701, June 1997.";"The Appendices or Annexes are after the references.
They are in font size 9 pt.";
metal;"[Journal shortened name], Volume, Article number ([Year])
Example: J. Eur. Opt. Society-Rapid Publ., 22, 62, 2035";"¸ [Name of the authors], Published by EDP Sciences, [Year] 
Example: J.M. Bertho and M. Bourguignon, Published by EDP Sciences, 2026
?	If there is one author : ¸ [Initial + Surname], Published by EDP Sciences, [Year] 
?	If there are two authors: ¸ [Initial + Surname and Initial + Surname], Published by EDP Sciences, [Year] 
?	If there are three or more authors: ¸ [Initial + Surname et al.], Published by EDP Sciences, [Year] ";/;"If the article belongs to a Special Issue or a Topical Issue, the name of the Special Issue should appear above the banner, like so:
Special Issue/Topical Issue - [Name of the Special Issue/Topical Issue]
Guest Editors: [Names of the Guest Editors]
The font should be the same as that of the main text.";"The article type is displayed on the banner, on the left.
It must be written identically to what is in SAGA. Please respect the uppercase/lowercase letters.";No capital in the title (only at the beginning of the first word of the title, for proper nouns, name of species?).;/;"Full first name + full last name.
The names are separated by commas, except for the last one, which is preceded by ?and?.
There is no full stop at the end of the list of authors.
Example:
Yi-Ping Wang1, Shi-Chuang Jiang1,2,* and Dong Sun20";"The list must be numbered if there is more than one affiliation.
There must be at least one address for each author.
The city and country must be included in the address.
No full stop at the end of the addresses and after acronyms (example: USA, PR China, UK, PO Box?).
Example:
1 School of Optoelectronic and Communication Engineering, Xiamen University of Technology, Xiamen 361024, PR China
2 Fujian Key Laboratory of Optoelectronic Technology and Devices, Xiamen University of Technology, Xiamen 361024, PR China";"Put this symbol ?*? after the name of the corresponding author.
Add this footnote: * Corresponding author: [e-mail of the corresponding author]";"When two authors contributed equally to the manuscript, add this symbol ??? after the names of each author.
Add this footnote: ? These authors contributed equally.";;Received: XX Month XXXX / Accepted: XX Month XXXX;The abstract is preceded by ?Abstract ?? in bold.;"Keywords: keyword 1 / keyword 2 / keyword 3?
?Keywords:? is in bold with an uppercase letter at the start. The keywords are all lowercase.";The translated abstract is preceded by ?R‚sum‚ ?? in bold.;"Centered and at the top of every page.
[Initial + surname of the first author ] et al.: [Journal shortened name], Volume, Article number ([Year])
Example: S. Mathy et al.: J. Eur. Opt. Society-Rapid Publ., 22, 62, 2026
[Initial + surname of the first author ] et al.: [Journal shortened name], Volume, Article number ([Year])
Example: S. Mathy et al.: J. Eur. Opt. Society-Rapid Publ., 22, 62, 2035";"The sections are numbered in Arabic numerals.
Example: 
1 Introduction
2 Theory";The main text of the article should be typeset in font size 10.;The main text should be typeset into two columns.;"Latin terms must appear in roman font (e.g., i.e., cf., et al., in situ, versus, vs., ab initio, a priori, via, in vitro, ad hoc, ...); unbreakable spaces within.";"The standard rules for abbreviation must be followed : https://www.scribbr.com/academic-writing/abbreviations-and-acronyms/.
2. When the authors use an abbreviation for the first time, the authors need to present both the spelled-out version and the short form. 
3. In the spelled-out version, capital letter for the initial letter of each word is only needed for the names of organization or person.";"All measurements, data and symbols (variables) should be given using international norms (ISO) and should always be written in italic.
SI units should be used: the unit ""litre"" should be abbreviated as ""L"" (also mL, æL, etc.), minutes as min, degrees as øC or K. All units should be typeset in roman. There must have a space between a number and its unit.
Equations that are referred to in the text should be numbered with the number on the right-hand side and should be numbered sequentially throughout the text (i.e., (1), (2), (3)). There is no punctuation at the end.";"All figures must be cited within the text.
?	Figures should be numbered sequentially as Figure 1, Figure 2, etc. 
?	They are referred to in the text as Figure 1, Figure 2,  (Fig. 1) etc.
?	Captions should be placed below the figure. The caption is mandatory. There must be a full-stop at the end.";"All tables must be cited within the text.
?	Tables should be numbered sequentially as Table 1, Table 2, etc. 
?	They are referred to in the text as Table 1, Table 2,  (Tab. 1) etc.
?	Captions should be placed above the table. The caption is mandatory. There must be a full-stop at the end.
?	Vertical lines are not permitted; horizontal lines should be kept to a minimum.";"Final sections are inserted just after the conclusion and just before the references.
The titles of the final sections should use the same font as the titles of other sections. The titles and the paragraphs of the final sections should be typeset in font size 9.
To know which final sections are mandatory, kindly check the [final section table].
The possible Final Declarations are:

?	Acknowledgments
?	Funding
If no funding has been provided, please include the statement ""This research did not receive any specific funding"".
?	Conflicts of interest
If no conflict of interest has been provided, please include the statement ""The authors declare that they have no competing interests to report"".
?	Data availability statement
There is a limited phrasing accepted for the Data availability statement, only one of the 5 below:
-	The research data associated with this article are available in [Name of public data repository], under the reference [DOI or other data identifier][1]
-	The research data are available on request from the authors
-	The research data associated with this article are included within the article
-	This article has no associated data generated and/or analyzed
-	Data associated with this article cannot be disclosed due to legal/ethical/other reason.
?	Author contribution statement";"Supplementary material appears after the final statements, before the references.
Example:
Supplementary Material
Name of the Supplementary Material. Short description (optional).
The supplementary material of this article is available at https://[journal]/[DOI]/olm.";"All references in the bibliographical index must correspond to the references cited in the text and vice versa. If not, ask the author when sending the proof.
All references must be numbered.

Remarks :
-	The titles of books and journals are not capitalized. 
-	No journal name begins with ?The?. 
Keep the DOI number if provided.

The journal uses the IEEE style:
https://pitt.libguides.com/citationhelp/ieee";"The citation box is right after the references.
Cite this article as: [Initial]. [Name], ?[Title of the article,]?, [Name of the journal], vol. [Volume], pp. [Pagination], [Month] [Year].
Example: G. Liu, K. Y. Lee, and H. F. Jordan, ""TDM and TWDM de Bruijn networks and shufflenets for optical communications,"" IEEE Trans. Comp., vol. 46, pp. 695-701, June 1997.";"The Appendices or Annexes are after the references.
They are in font size 9 pt.";
emsci;"[Journal shortened name], Volume, Article number ([Year])
Example: J. Eur. Opt. Society-Rapid Publ., 22, 62, 2036";"¸ [Name of the authors], Published by EDP Sciences, [Year] 
Example: J.M. Bertho and M. Bourguignon, Published by EDP Sciences, 2026
?	If there is one author : ¸ [Initial + Surname], Published by EDP Sciences, [Year] 
?	If there are two authors: ¸ [Initial + Surname and Initial + Surname], Published by EDP Sciences, [Year] 
?	If there are three or more authors: ¸ [Initial + Surname et al.], Published by EDP Sciences, [Year] ";"There must always be :
?	At the top of the page : the ?Open Access? logo
?	At the bottom of the page : the mention ?This is an Open Access article distributed under the terms of the Creative Commons Attribution License (https://creativecommons.org/licenses/by/4.0), which permits unrestricted use, distribution, and reproduction in any medium, provided the original work is properly cited. ?";"If the article belongs to a Special Issue or a Topical Issue, the name of the Special Issue should appear above the banner, like so:
Special Issue/Topical Issue - [Name of the Special Issue/Topical Issue]
Guest Editors: [Names of the Guest Editors]
The font should be the same as that of the main text.";"The article type is displayed on the banner, on the left.
It must be written identically to what is in SAGA. Please respect the uppercase/lowercase letters.";No capital in the title (only at the beginning of the first word of the title, for proper nouns, name of species?).;/;"Full first name + full last name.
The names are separated by commas, except for the last one, which is preceded by ?and?.
There is no full stop at the end of the list of authors.
Example:
Yi-Ping Wang1, Shi-Chuang Jiang1,2,* and Dong Sun21";"The list must be numbered if there is more than one affiliation.
There must be at least one address for each author.
The city and country must be included in the address.
No full stop at the end of the addresses and after acronyms (example: USA, PR China, UK, PO Box?).
Example:
1 School of Optoelectronic and Communication Engineering, Xiamen University of Technology, Xiamen 361024, PR China
2 Fujian Key Laboratory of Optoelectronic Technology and Devices, Xiamen University of Technology, Xiamen 361024, PR China";"Put this symbol ?*? after the name of the corresponding author.
Add this footnote: * Corresponding author: [e-mail of the corresponding author]";"When two authors contributed equally to the manuscript, add this symbol ??? after the names of each author.
Add this footnote: ? These authors contributed equally.";;Received: XX Month XXXX / Accepted: XX Month XXXX;The abstract is preceded by ?Abstract ?? in bold.;"Keywords: keyword 1 / keyword 2 / keyword 3?
?Keywords:? is in bold with an uppercase letter at the start. The keywords are all lowercase.";The translated abstract is preceded by ?R‚sum‚ ?? in bold.;"Centered and at the top of every page.
[Initial + surname of the first author ] et al.: [Journal shortened name], Volume, Article number ([Year])
Example: S. Mathy et al.: J. Eur. Opt. Society-Rapid Publ., 22, 62, 2026
[Initial + surname of the first author ] et al.: [Journal shortened name], Volume, Article number ([Year])
Example: S. Mathy et al.: J. Eur. Opt. Society-Rapid Publ., 22, 62, 2036";"The sections are numbered in Arabic numerals.
Example: 
1 Introduction
2 Theory";The main text of the article should be typeset in font size 10.;The main text should be typeset into two columns.;"Latin terms must appear in roman font (e.g., i.e., cf., et al., in situ, versus, vs., ab initio, a priori, via, in vitro, ad hoc, ...); unbreakable spaces within.";"The standard rules for abbreviation must be followed : https://www.scribbr.com/academic-writing/abbreviations-and-acronyms/.
2. When the authors use an abbreviation for the first time, the authors need to present both the spelled-out version and the short form. 
3. In the spelled-out version, capital letter for the initial letter of each word is only needed for the names of organization or person.";"All measurements, data and symbols (variables) should be given using international norms (ISO) and should always be written in italic.
SI units should be used: the unit ""litre"" should be abbreviated as ""L"" (also mL, æL, etc.), minutes as min, degrees as øC or K. All units should be typeset in roman. There must have a space between a number and its unit.
Equations that are referred to in the text should be numbered with the number on the right-hand side and should be numbered sequentially throughout the text (i.e., (1), (2), (3)). There is no punctuation at the end.";"All figures must be cited within the text.
?	Figures should be numbered sequentially as Figure 1, Figure 2, etc. 
?	They are referred to in the text as Figure 1, Figure 2,  (Fig. 1) etc.
?	Captions should be placed below the figure. The caption is mandatory. There must be a full-stop at the end.";"All tables must be cited within the text.
?	Tables should be numbered sequentially as Table 1, Table 2, etc. 
?	They are referred to in the text as Table 1, Table 2,  (Tab. 1) etc.
?	Captions should be placed above the table. The caption is mandatory. There must be a full-stop at the end.
?	Vertical lines are not permitted; horizontal lines should be kept to a minimum.";"Final sections are inserted just after the conclusion and just before the references.
The titles of the final sections should use the same font as the titles of other sections. The titles and the paragraphs of the final sections should be typeset in font size 9.
To know which final sections are mandatory, kindly check the [final section table].
The possible Final Declarations are:

?	Acknowledgments
?	Funding
If no funding has been provided, please include the statement ""This research did not receive any specific funding"".
?	Conflicts of interest
If no conflict of interest has been provided, please include the statement ""The authors declare that they have no competing interests to report"".
?	Data availability statement
There is a limited phrasing accepted for the Data availability statement, only one of the 5 below:
-	The research data associated with this article are available in [Name of public data repository], under the reference [DOI or other data identifier][1]
-	The research data are available on request from the authors
-	The research data associated with this article are included within the article
-	This article has no associated data generated and/or analyzed
-	Data associated with this article cannot be disclosed due to legal/ethical/other reason.
?	Author contribution statement";"Supplementary material appears after the final statements, before the references.
Example:
Supplementary Material
Name of the Supplementary Material. Short description (optional).
The supplementary material of this article is available at https://[journal]/[DOI]/olm.";"All references in the bibliographical index must correspond to the references cited in the text and vice versa. If not, ask the author when sending the proof.
All references must be numbered.

Remarks :
-	The titles of books and journals are not capitalized. 
-	No journal name begins with ?The?. 
Keep the DOI number if provided.

The journal uses the IEEE style:
https://pitt.libguides.com/citationhelp/ieee";"The citation box is right after the references.
Cite this article as: [Initial]. [Name], ?[Title of the article,]?, [Name of the journal], vol. [Volume], pp. [Pagination], [Month] [Year].
Example: G. Liu, K. Y. Lee, and H. F. Jordan, ""TDM and TWDM de Bruijn networks and shufflenets for optical communications,"" IEEE Trans. Comp., vol. 46, pp. 695-701, June 1997.";"The Appendices or Annexes are after the references.
They are in font size 9 pt.";
ijmqe;"[Journal shortened name], Volume, Article number ([Year])
Example: J. Eur. Opt. Society-Rapid Publ., 22, 62, 2037";"¸ [Name of the authors], Published by EDP Sciences, [Year] 
Example: J.M. Bertho and M. Bourguignon, Published by EDP Sciences, 2026
?	If there is one author : ¸ [Initial + Surname], Published by EDP Sciences, [Year] 
?	If there are two authors: ¸ [Initial + Surname and Initial + Surname], Published by EDP Sciences, [Year] 
?	If there are three or more authors: ¸ [Initial + Surname et al.], Published by EDP Sciences, [Year] ";"There must always be :
?	At the top of the page : the ?Open Access? logo
?	At the bottom of the page : the mention ?This is an Open Access article distributed under the terms of the Creative Commons Attribution License (https://creativecommons.org/licenses/by/4.0), which permits unrestricted use, distribution, and reproduction in any medium, provided the original work is properly cited. ?";"If the article belongs to a Special Issue or a Topical Issue, the name of the Special Issue should appear above the banner, like so:
Special Issue/Topical Issue - [Name of the Special Issue/Topical Issue]
Guest Editors: [Names of the Guest Editors]
The font should be the same as that of the main text.";"The article type is displayed on the banner, on the left.
It must be written identically to what is in SAGA. Please respect the uppercase/lowercase letters.";No capital in the title (only at the beginning of the first word of the title, for proper nouns, name of species?).;/;"Full first name + full last name.
The names are separated by commas, except for the last one, which is preceded by ?and?.
There is no full stop at the end of the list of authors.
Example:
Yi-Ping Wang1, Shi-Chuang Jiang1,2,* and Dong Sun22";"The list must be numbered if there is more than one affiliation.
There must be at least one address for each author.
The city and country must be included in the address.
No full stop at the end of the addresses and after acronyms (example: USA, PR China, UK, PO Box?).
Example:
1 School of Optoelectronic and Communication Engineering, Xiamen University of Technology, Xiamen 361024, PR China
2 Fujian Key Laboratory of Optoelectronic Technology and Devices, Xiamen University of Technology, Xiamen 361024, PR China";"Put this symbol ?*? after the name of the corresponding author.
Add this footnote: * Corresponding author: [e-mail of the corresponding author]";"When two authors contributed equally to the manuscript, add this symbol ??? after the names of each author.
Add this footnote: ? These authors contributed equally.";;Received: XX Month XXXX / Accepted: XX Month XXXX;The abstract is preceded by ?Abstract ?? in bold.;"Keywords: keyword 1 / keyword 2 / keyword 3?
?Keywords:? is in bold with an uppercase letter at the start. The keywords are all lowercase.";The translated abstract is preceded by ?R‚sum‚ ?? in bold.;"Centered and at the top of every page.
[Initial + surname of the first author ] et al.: [Journal shortened name], Volume, Article number ([Year])
Example: S. Mathy et al.: J. Eur. Opt. Society-Rapid Publ., 22, 62, 2026
[Initial + surname of the first author ] et al.: [Journal shortened name], Volume, Article number ([Year])
Example: S. Mathy et al.: J. Eur. Opt. Society-Rapid Publ., 22, 62, 2037";"The sections are numbered in Arabic numerals.
Example: 
1 Introduction
2 Theory";The main text of the article should be typeset in font size 10.;The main text should be typeset into two columns.;"Latin terms must appear in roman font (e.g., i.e., cf., et al., in situ, versus, vs., ab initio, a priori, via, in vitro, ad hoc, ...); unbreakable spaces within.";"The standard rules for abbreviation must be followed : https://www.scribbr.com/academic-writing/abbreviations-and-acronyms/.
2. When the authors use an abbreviation for the first time, the authors need to present both the spelled-out version and the short form. 
3. In the spelled-out version, capital letter for the initial letter of each word is only needed for the names of organization or person.";"All measurements, data and symbols (variables) should be given using international norms (ISO) and should always be written in italic.
SI units should be used: the unit ""litre"" should be abbreviated as ""L"" (also mL, æL, etc.), minutes as min, degrees as øC or K. All units should be typeset in roman. There must have a space between a number and its unit.
Equations that are referred to in the text should be numbered with the number on the right-hand side and should be numbered sequentially throughout the text (i.e., (1), (2), (3)). There is no punctuation at the end.";"All figures must be cited within the text.
?	Figures should be numbered sequentially as Figure 1, Figure 2, etc. 
?	They are referred to in the text as Figure 1, Figure 2,  (Fig. 1) etc.
?	Captions should be placed below the figure. The caption is mandatory. There must be a full-stop at the end.";"All tables must be cited within the text.
?	Tables should be numbered sequentially as Table 1, Table 2, etc. 
?	They are referred to in the text as Table 1, Table 2,  (Tab. 1) etc.
?	Captions should be placed above the table. The caption is mandatory. There must be a full-stop at the end.
?	Vertical lines are not permitted; horizontal lines should be kept to a minimum.";"Final sections are inserted just after the conclusion and just before the references.
The titles of the final sections should use the same font as the titles of other sections. The titles and the paragraphs of the final sections should be typeset in font size 9.
To know which final sections are mandatory, kindly check the [final section table].
The possible Final Declarations are:

?	Acknowledgments
?	Funding
If no funding has been provided, please include the statement ""This research did not receive any specific funding"".
?	Conflicts of interest
If no conflict of interest has been provided, please include the statement ""The authors declare that they have no competing interests to report"".
?	Data availability statement
There is a limited phrasing accepted for the Data availability statement, only one of the 5 below:
-	The research data associated with this article are available in [Name of public data repository], under the reference [DOI or other data identifier][1]
-	The research data are available on request from the authors
-	The research data associated with this article are included within the article
-	This article has no associated data generated and/or analyzed
-	Data associated with this article cannot be disclosed due to legal/ethical/other reason.
?	Author contribution statement";"Supplementary material appears after the final statements, before the references.
Example:
Supplementary Material
Name of the Supplementary Material. Short description (optional).
The supplementary material of this article is available at https://[journal]/[DOI]/olm.";"All references in the bibliographical index must correspond to the references cited in the text and vice versa. If not, ask the author when sending the proof.
All references must be numbered.

Remarks :
-	The titles of books and journals are not capitalized. 
-	No journal name begins with ?The?. 
Keep the DOI number if provided.

The journal uses the IEEE style:
https://pitt.libguides.com/citationhelp/ieee";"The citation box is right after the references.
Cite this article as: [Initial]. [Name], ?[Title of the article,]?, [Name of the journal], vol. [Volume], pp. [Pagination], [Month] [Year].
Example: G. Liu, K. Y. Lee, and H. F. Jordan, ""TDM and TWDM de Bruijn networks and shufflenets for optical communications,"" IEEE Trans. Comp., vol. 46, pp. 695-701, June 1997.";"The Appendices or Annexes are after the references.
They are in font size 9 pt.";
jeos;"[Journal shortened name], Volume, Article number ([Year])
Example: J. Eur. Opt. Society-Rapid Publ., 22, 62, 2038";"¸ [Name of the authors], Published by EDP Sciences, [Year] 
Example: J.M. Bertho and M. Bourguignon, Published by EDP Sciences, 2026
?	If there is one author : ¸ [Initial + Surname], Published by EDP Sciences, [Year] 
?	If there are two authors: ¸ [Initial + Surname and Initial + Surname], Published by EDP Sciences, [Year] 
?	If there are three or more authors: ¸ [Initial + Surname et al.], Published by EDP Sciences, [Year] ";"There must always be :
?	At the top of the page : the ?Open Access? logo
?	At the bottom of the page : the mention ?This is an Open Access article distributed under the terms of the Creative Commons Attribution License (https://creativecommons.org/licenses/by/4.0), which permits unrestricted use, distribution, and reproduction in any medium, provided the original work is properly cited. ?";"If the article belongs to a Special Issue or a Topical Issue, the name of the Special Issue should appear above the banner, like so:
Special Issue/Topical Issue - [Name of the Special Issue/Topical Issue]
Guest Editors: [Names of the Guest Editors]
The font should be the same as that of the main text.";"The article type is displayed on the banner, on the left.
It must be written identically to what is in SAGA. Please respect the uppercase/lowercase letters.";No capital in the title (only at the beginning of the first word of the title, for proper nouns, name of species?).;/;"Full first name + full last name.
The names are separated by commas, except for the last one, which is preceded by ?and?.
There is no full stop at the end of the list of authors.
Example:
Yi-Ping Wang1, Shi-Chuang Jiang1,2,* and Dong Sun23";"The list must be numbered if there is more than one affiliation.
There must be at least one address for each author.
The city and country must be included in the address.
No full stop at the end of the addresses and after acronyms (example: USA, PR China, UK, PO Box?).
Example:
1 School of Optoelectronic and Communication Engineering, Xiamen University of Technology, Xiamen 361024, PR China
2 Fujian Key Laboratory of Optoelectronic Technology and Devices, Xiamen University of Technology, Xiamen 361024, PR China";"Put this symbol ?*? after the name of the corresponding author.
Add this footnote: * Corresponding author: [e-mail of the corresponding author]";"When two authors contributed equally to the manuscript, add this symbol ??? after the names of each author.
Add this footnote: ? These authors contributed equally.";;Received: XX Month XXXX / Accepted: XX Month XXXX;The abstract is preceded by ?Abstract ?? in bold.;"Keywords: keyword 1 / keyword 2 / keyword 3?
?Keywords:? is in bold with an uppercase letter at the start. The keywords are all lowercase.";The translated abstract is preceded by ?R‚sum‚ ?? in bold.;"Centered and at the top of every page.
[Initial + surname of the first author ] et al.: [Journal shortened name], Volume, Article number ([Year])
Example: S. Mathy et al.: J. Eur. Opt. Society-Rapid Publ., 22, 62, 2026
[Initial + surname of the first author ] et al.: [Journal shortened name], Volume, Article number ([Year])
Example: S. Mathy et al.: J. Eur. Opt. Society-Rapid Publ., 22, 62, 2038";"The sections are numbered in Arabic numerals.
Example: 
1 Introduction
2 Theory";The main text of the article should be typeset in font size 10.;The main text should be typeset into two columns.;"Latin terms must appear in roman font (e.g., i.e., cf., et al., in situ, versus, vs., ab initio, a priori, via, in vitro, ad hoc, ...); unbreakable spaces within.";"The standard rules for abbreviation must be followed : https://www.scribbr.com/academic-writing/abbreviations-and-acronyms/.
2. When the authors use an abbreviation for the first time, the authors need to present both the spelled-out version and the short form. 
3. In the spelled-out version, capital letter for the initial letter of each word is only needed for the names of organization or person.";"All measurements, data and symbols (variables) should be given using international norms (ISO) and should always be written in italic.
SI units should be used: the unit ""litre"" should be abbreviated as ""L"" (also mL, æL, etc.), minutes as min, degrees as øC or K. All units should be typeset in roman. There must have a space between a number and its unit.
Equations that are referred to in the text should be numbered with the number on the right-hand side and should be numbered sequentially throughout the text (i.e., (1), (2), (3)). There is no punctuation at the end.";"All figures must be cited within the text.
?	Figures should be numbered sequentially as Figure 1, Figure 2, etc. 
?	They are referred to in the text as Figure 1, Figure 2,  (Fig. 1) etc.
?	Captions should be placed below the figure. The caption is mandatory. There must be a full-stop at the end.";"All tables must be cited within the text.
?	Tables should be numbered sequentially as Table 1, Table 2, etc. 
?	They are referred to in the text as Table 1, Table 2,  (Tab. 1) etc.
?	Captions should be placed above the table. The caption is mandatory. There must be a full-stop at the end.
?	Vertical lines are not permitted; horizontal lines should be kept to a minimum.";"Final sections are inserted just after the conclusion and just before the references.
The titles of the final sections should use the same font as the titles of other sections. The titles and the paragraphs of the final sections should be typeset in font size 9.
To know which final sections are mandatory, kindly check the [final section table].
The possible Final Declarations are:

?	Acknowledgments
?	Funding
If no funding has been provided, please include the statement ""This research did not receive any specific funding"".
?	Conflicts of interest
If no conflict of interest has been provided, please include the statement ""The authors declare that they have no competing interests to report"".
?	Data availability statement
There is a limited phrasing accepted for the Data availability statement, only one of the 5 below:
-	The research data associated with this article are available in [Name of public data repository], under the reference [DOI or other data identifier][1]
-	The research data are available on request from the authors
-	The research data associated with this article are included within the article
-	This article has no associated data generated and/or analyzed
-	Data associated with this article cannot be disclosed due to legal/ethical/other reason.
?	Author contribution statement";"Supplementary material appears after the final statements, before the references.
Example:
Supplementary Material
Name of the Supplementary Material. Short description (optional).
The supplementary material of this article is available at https://[journal]/[DOI]/olm.";"All references in the bibliographical index must correspond to the references cited in the text and vice versa. If not, ask the author when sending the proof.
All references must be numbered.

Remarks :
-	The titles of books and journals are not capitalized. 
-	No journal name begins with ?The?. 
Keep the DOI number if provided.

The journal uses the IEEE style:
https://pitt.libguides.com/citationhelp/ieee";"The citation box is right after the references.
Cite this article as: [Initial]. [Name], ?[Title of the article,]?, [Name of the journal], vol. [Volume], pp. [Pagination], [Month] [Year].
Example: G. Liu, K. Y. Lee, and H. F. Jordan, ""TDM and TWDM de Bruijn networks and shufflenets for optical communications,"" IEEE Trans. Comp., vol. 46, pp. 695-701, June 1997.";"The Appendices or Annexes are after the references.
They are in font size 9 pt.";
rdne;"[Journal shortened name], Volume, Article number ([Year])
Example: J. Eur. Opt. Society-Rapid Publ., 22, 62, 2039";"¸ [Name of the authors], Published by EDP Sciences, [Year] 
Example: J.M. Bertho and M. Bourguignon, Published by EDP Sciences, 2026
?	If there is one author : ¸ [Initial + Surname], Published by EDP Sciences, [Year] 
?	If there are two authors: ¸ [Initial + Surname and Initial + Surname], Published by EDP Sciences, [Year] 
?	If there are three or more authors: ¸ [Initial + Surname et al.], Published by EDP Sciences, [Year] ";"There must always be :
?	At the top of the page : the ?Open Access? logo
?	At the bottom of the page : the mention ?This is an Open Access article distributed under the terms of the Creative Commons Attribution License (https://creativecommons.org/licenses/by/4.0), which permits unrestricted use, distribution, and reproduction in any medium, provided the original work is properly cited. ?";"If the article belongs to a Special Issue or a Topical Issue, the name of the Special Issue should appear above the banner, like so:
Special Issue/Topical Issue - [Name of the Special Issue/Topical Issue]
Guest Editors: [Names of the Guest Editors]
The font should be the same as that of the main text.";"The article type is displayed on the banner, on the left.
It must be written identically to what is in SAGA. Please respect the uppercase/lowercase letters.";No capital in the title (only at the beginning of the first word of the title, for proper nouns, name of species?).;/;"Full first name + full last name.
The names are separated by commas, except for the last one, which is preceded by ?and?.
There is no full stop at the end of the list of authors.
Example:
Yi-Ping Wang1, Shi-Chuang Jiang1,2,* and Dong Sun24";"The list must be numbered if there is more than one affiliation.
There must be at least one address for each author.
The city and country must be included in the address.
No full stop at the end of the addresses and after acronyms (example: USA, PR China, UK, PO Box?).
Example:
1 School of Optoelectronic and Communication Engineering, Xiamen University of Technology, Xiamen 361024, PR China
2 Fujian Key Laboratory of Optoelectronic Technology and Devices, Xiamen University of Technology, Xiamen 361024, PR China";"Put this symbol ?*? after the name of the corresponding author.
Add this footnote: * Corresponding author: [e-mail of the corresponding author]";"When two authors contributed equally to the manuscript, add this symbol ??? after the names of each author.
Add this footnote: ? These authors contributed equally.";;Received: XX Month XXXX / Accepted: XX Month XXXX;The abstract is preceded by ?Abstract ?? in bold.;"Keywords: keyword 1 / keyword 2 / keyword 3?
?Keywords:? is in bold with an uppercase letter at the start. The keywords are all lowercase.";The translated abstract is preceded by ?R‚sum‚ ?? in bold.;"Centered and at the top of every page.
[Initial + surname of the first author ] et al.: [Journal shortened name], Volume, Article number ([Year])
Example: S. Mathy et al.: J. Eur. Opt. Society-Rapid Publ., 22, 62, 2026
[Initial + surname of the first author ] et al.: [Journal shortened name], Volume, Article number ([Year])
Example: S. Mathy et al.: J. Eur. Opt. Society-Rapid Publ., 22, 62, 2039";"The sections are numbered in Arabic numerals.
Example: 
1 Introduction
2 Theory";The main text of the article should be typeset in font size 10.;The main text should be typeset into two columns.;"Latin terms must appear in roman font (e.g., i.e., cf., et al., in situ, versus, vs., ab initio, a priori, via, in vitro, ad hoc, ...); unbreakable spaces within.";"The standard rules for abbreviation must be followed : https://www.scribbr.com/academic-writing/abbreviations-and-acronyms/.
2. When the authors use an abbreviation for the first time, the authors need to present both the spelled-out version and the short form. 
3. In the spelled-out version, capital letter for the initial letter of each word is only needed for the names of organization or person.";"All measurements, data and symbols (variables) should be given using international norms (ISO) and should always be written in italic.
SI units should be used: the unit ""litre"" should be abbreviated as ""L"" (also mL, æL, etc.), minutes as min, degrees as øC or K. All units should be typeset in roman. There must have a space between a number and its unit.
Equations that are referred to in the text should be numbered with the number on the right-hand side and should be numbered sequentially throughout the text (i.e., (1), (2), (3)). There is no punctuation at the end.";"All figures must be cited within the text.
?	Figures should be numbered sequentially as Figure 1, Figure 2, etc. 
?	They are referred to in the text as Figure 1, Figure 2,  (Fig. 1) etc.
?	Captions should be placed below the figure. The caption is mandatory. There must be a full-stop at the end.";"All tables must be cited within the text.
?	Tables should be numbered sequentially as Table 1, Table 2, etc. 
?	They are referred to in the text as Table 1, Table 2,  (Tab. 1) etc.
?	Captions should be placed above the table. The caption is mandatory. There must be a full-stop at the end.
?	Vertical lines are not permitted; horizontal lines should be kept to a minimum.";"Final sections are inserted just after the conclusion and just before the references.
The titles of the final sections should use the same font as the titles of other sections. The titles and the paragraphs of the final sections should be typeset in font size 9.
To know which final sections are mandatory, kindly check the [final section table].
The possible Final Declarations are:

?	Acknowledgments
?	Funding
If no funding has been provided, please include the statement ""This research did not receive any specific funding"".
?	Conflicts of interest
If no conflict of interest has been provided, please include the statement ""The authors declare that they have no competing interests to report"".
?	Data availability statement
There is a limited phrasing accepted for the Data availability statement, only one of the 5 below:
-	The research data associated with this article are available in [Name of public data repository], under the reference [DOI or other data identifier][1]
-	The research data are available on request from the authors
-	The research data associated with this article are included within the article
-	This article has no associated data generated and/or analyzed
-	Data associated with this article cannot be disclosed due to legal/ethical/other reason.
?	Author contribution statement";"Supplementary material appears after the final statements, before the references.
Example:
Supplementary Material
Name of the Supplementary Material. Short description (optional).
The supplementary material of this article is available at https://[journal]/[DOI]/olm.";"All references in the bibliographical index must correspond to the references cited in the text and vice versa. If not, ask the author when sending the proof.
All references must be numbered.

Remarks :
-	The titles of books and journals are not capitalized. 
-	No journal name begins with ?The?. 
Keep the DOI number if provided.

The journal uses the IEEE style:
https://pitt.libguides.com/citationhelp/ieee";"The citation box is right after the references.
Cite this article as: [Initial]. [Name], ?[Title of the article,]?, [Name of the journal], vol. [Volume], pp. [Pagination], [Month] [Year].
Example: G. Liu, K. Y. Lee, and H. F. Jordan, ""TDM and TWDM de Bruijn networks and shufflenets for optical communications,"" IEEE Trans. Comp., vol. 46, pp. 695-701, June 1997.";"The Appendices or Annexes are after the references.
They are in font size 9 pt.";
sbuild;"[Journal shortened name], Volume, Article number ([Year])
Example: J. Eur. Opt. Society-Rapid Publ., 22, 62, 2040";"¸ [Name of the authors], Published by EDP Sciences, [Year] 
Example: J.M. Bertho and M. Bourguignon, Published by EDP Sciences, 2026
?	If there is one author : ¸ [Initial + Surname], Published by EDP Sciences, [Year] 
?	If there are two authors: ¸ [Initial + Surname and Initial + Surname], Published by EDP Sciences, [Year] 
?	If there are three or more authors: ¸ [Initial + Surname et al.], Published by EDP Sciences, [Year] ";"There must always be :
?	At the top of the page : the ?Open Access? logo
?	At the bottom of the page : the mention ?This is an Open Access article distributed under the terms of the Creative Commons Attribution License (https://creativecommons.org/licenses/by/4.0), which permits unrestricted use, distribution, and reproduction in any medium, provided the original work is properly cited. ?";"If the article belongs to a Special Issue or a Topical Issue, the name of the Special Issue should appear above the banner, like so:
Special Issue/Topical Issue - [Name of the Special Issue/Topical Issue]
Guest Editors: [Names of the Guest Editors]
The font should be the same as that of the main text.";"The article type is displayed on the banner, on the left.
It must be written identically to what is in SAGA. Please respect the uppercase/lowercase letters.";No capital in the title (only at the beginning of the first word of the title, for proper nouns, name of species?).;/;"Full first name + full last name.
The names are separated by commas, except for the last one, which is preceded by ?and?.
There is no full stop at the end of the list of authors.
Example:
Yi-Ping Wang1, Shi-Chuang Jiang1,2,* and Dong Sun25";"The list must be numbered if there is more than one affiliation.
There must be at least one address for each author.
The city and country must be included in the address.
No full stop at the end of the addresses and after acronyms (example: USA, PR China, UK, PO Box?).
Example:
1 School of Optoelectronic and Communication Engineering, Xiamen University of Technology, Xiamen 361024, PR China
2 Fujian Key Laboratory of Optoelectronic Technology and Devices, Xiamen University of Technology, Xiamen 361024, PR China";"Put this symbol ?*? after the name of the corresponding author.
Add this footnote: * Corresponding author: [e-mail of the corresponding author]";"When two authors contributed equally to the manuscript, add this symbol ??? after the names of each author.
Add this footnote: ? These authors contributed equally.";;Received: XX Month XXXX / Accepted: XX Month XXXX;The abstract is preceded by ?Abstract ?? in bold.;"Keywords: keyword 1 / keyword 2 / keyword 3?
?Keywords:? is in bold with an uppercase letter at the start. The keywords are all lowercase.";The translated abstract is preceded by ?R‚sum‚ ?? in bold.;"Centered and at the top of every page.
[Initial + surname of the first author ] et al.: [Journal shortened name], Volume, Article number ([Year])
Example: S. Mathy et al.: J. Eur. Opt. Society-Rapid Publ., 22, 62, 2026
[Initial + surname of the first author ] et al.: [Journal shortened name], Volume, Article number ([Year])
Example: S. Mathy et al.: J. Eur. Opt. Society-Rapid Publ., 22, 62, 2040";"The sections are numbered in Arabic numerals.
Example: 
1 Introduction
2 Theory";The main text of the article should be typeset in font size 10.;The main text should be typeset into two columns.;"Latin terms must appear in roman font (e.g., i.e., cf., et al., in situ, versus, vs., ab initio, a priori, via, in vitro, ad hoc, ...); unbreakable spaces within.";"The standard rules for abbreviation must be followed : https://www.scribbr.com/academic-writing/abbreviations-and-acronyms/.
2. When the authors use an abbreviation for the first time, the authors need to present both the spelled-out version and the short form. 
3. In the spelled-out version, capital letter for the initial letter of each word is only needed for the names of organization or person.";"All measurements, data and symbols (variables) should be given using international norms (ISO) and should always be written in italic.
SI units should be used: the unit ""litre"" should be abbreviated as ""L"" (also mL, æL, etc.), minutes as min, degrees as øC or K. All units should be typeset in roman. There must have a space between a number and its unit.
Equations that are referred to in the text should be numbered with the number on the right-hand side and should be numbered sequentially throughout the text (i.e., (1), (2), (3)). There is no punctuation at the end.";"All figures must be cited within the text.
?	Figures should be numbered sequentially as Figure 1, Figure 2, etc. 
?	They are referred to in the text as Figure 1, Figure 2,  (Fig. 1) etc.
?	Captions should be placed below the figure. The caption is mandatory. There must be a full-stop at the end.";"All tables must be cited within the text.
?	Tables should be numbered sequentially as Table 1, Table 2, etc. 
?	They are referred to in the text as Table 1, Table 2,  (Tab. 1) etc.
?	Captions should be placed above the table. The caption is mandatory. There must be a full-stop at the end.
?	Vertical lines are not permitted; horizontal lines should be kept to a minimum.";"Final sections are inserted just after the conclusion and just before the references.
The titles of the final sections should use the same font as the titles of other sections. The titles and the paragraphs of the final sections should be typeset in font size 9.
To know which final sections are mandatory, kindly check the [final section table].
The possible Final Declarations are:

?	Acknowledgments
?	Funding
If no funding has been provided, please include the statement ""This research did not receive any specific funding"".
?	Conflicts of interest
If no conflict of interest has been provided, please include the statement ""The authors declare that they have no competing interests to report"".
?	Data availability statement
There is a limited phrasing accepted for the Data availability statement, only one of the 5 below:
-	The research data associated with this article are available in [Name of public data repository], under the reference [DOI or other data identifier][1]
-	The research data are available on request from the authors
-	The research data associated with this article are included within the article
-	This article has no associated data generated and/or analyzed
-	Data associated with this article cannot be disclosed due to legal/ethical/other reason.
?	Author contribution statement";"Supplementary material appears after the final statements, before the references.
Example:
Supplementary Material
Name of the Supplementary Material. Short description (optional).
The supplementary material of this article is available at https://[journal]/[DOI]/olm.";"All references in the bibliographical index must correspond to the references cited in the text and vice versa. If not, ask the author when sending the proof.
All references must be numbered.

Remarks :
-	The titles of books and journals are not capitalized. 
-	No journal name begins with ?The?. 
Keep the DOI number if provided.

The journal uses the IEEE style:
https://pitt.libguides.com/citationhelp/ieee";"The citation box is right after the references.
Cite this article as: [Initial]. [Name], ?[Title of the article,]?, [Name of the journal], vol. [Volume], pp. [Pagination], [Month] [Year].
Example: G. Liu, K. Y. Lee, and H. F. Jordan, ""TDM and TWDM de Bruijn networks and shufflenets for optical communications,"" IEEE Trans. Comp., vol. 46, pp. 695-701, June 1997.";"The Appendices or Annexes are after the references.
They are in font size 9 pt.";
smdo;"[Journal shortened name], Volume, Article number ([Year])
Example: J. Eur. Opt. Society-Rapid Publ., 22, 62, 2041";"¸ [Name of the authors], Published by EDP Sciences, [Year] 
Example: J.M. Bertho and M. Bourguignon, Published by EDP Sciences, 2026
?	If there is one author : ¸ [Initial + Surname], Published by EDP Sciences, [Year] 
?	If there are two authors: ¸ [Initial + Surname and Initial + Surname], Published by EDP Sciences, [Year] 
?	If there are three or more authors: ¸ [Initial + Surname et al.], Published by EDP Sciences, [Year] ";"There must always be :
?	At the top of the page : the ?Open Access? logo
?	At the bottom of the page : the mention ?This is an Open Access article distributed under the terms of the Creative Commons Attribution License (https://creativecommons.org/licenses/by/4.0), which permits unrestricted use, distribution, and reproduction in any medium, provided the original work is properly cited. ?";"If the article belongs to a Special Issue or a Topical Issue, the name of the Special Issue should appear above the banner, like so:
Special Issue/Topical Issue - [Name of the Special Issue/Topical Issue]
Guest Editors: [Names of the Guest Editors]
The font should be the same as that of the main text.";"The article type is displayed on the banner, on the left.
It must be written identically to what is in SAGA. Please respect the uppercase/lowercase letters.";No capital in the title (only at the beginning of the first word of the title, for proper nouns, name of species?).;/;"Full first name + full last name.
The names are separated by commas, except for the last one, which is preceded by ?and?.
There is no full stop at the end of the list of authors.
Example:
Yi-Ping Wang1, Shi-Chuang Jiang1,2,* and Dong Sun26";"The list must be numbered if there is more than one affiliation.
There must be at least one address for each author.
The city and country must be included in the address.
No full stop at the end of the addresses and after acronyms (example: USA, PR China, UK, PO Box?).
Example:
1 School of Optoelectronic and Communication Engineering, Xiamen University of Technology, Xiamen 361024, PR China
2 Fujian Key Laboratory of Optoelectronic Technology and Devices, Xiamen University of Technology, Xiamen 361024, PR China";"Put this symbol ?*? after the name of the corresponding author.
Add this footnote: * Corresponding author: [e-mail of the corresponding author]";"When two authors contributed equally to the manuscript, add this symbol ??? after the names of each author.
Add this footnote: ? These authors contributed equally.";;Received: XX Month XXXX / Accepted: XX Month XXXX;The abstract is preceded by ?Abstract ?? in bold.;"Keywords: keyword 1 / keyword 2 / keyword 3?
?Keywords:? is in bold with an uppercase letter at the start. The keywords are all lowercase.";The translated abstract is preceded by ?R‚sum‚ ?? in bold.;"Centered and at the top of every page.
[Initial + surname of the first author ] et al.: [Journal shortened name], Volume, Article number ([Year])
Example: S. Mathy et al.: J. Eur. Opt. Society-Rapid Publ., 22, 62, 2026
[Initial + surname of the first author ] et al.: [Journal shortened name], Volume, Article number ([Year])
Example: S. Mathy et al.: J. Eur. Opt. Society-Rapid Publ., 22, 62, 2041";"The sections are numbered in Arabic numerals.
Example: 
1 Introduction
2 Theory";The main text of the article should be typeset in font size 10.;The main text should be typeset into two columns.;"Latin terms must appear in roman font (e.g., i.e., cf., et al., in situ, versus, vs., ab initio, a priori, via, in vitro, ad hoc, ...); unbreakable spaces within.";"The standard rules for abbreviation must be followed : https://www.scribbr.com/academic-writing/abbreviations-and-acronyms/.
2. When the authors use an abbreviation for the first time, the authors need to present both the spelled-out version and the short form. 
3. In the spelled-out version, capital letter for the initial letter of each word is only needed for the names of organization or person.";"All measurements, data and symbols (variables) should be given using international norms (ISO) and should always be written in italic.
SI units should be used: the unit ""litre"" should be abbreviated as ""L"" (also mL, æL, etc.), minutes as min, degrees as øC or K. All units should be typeset in roman. There must have a space between a number and its unit.
Equations that are referred to in the text should be numbered with the number on the right-hand side and should be numbered sequentially throughout the text (i.e., (1), (2), (3)). There is no punctuation at the end.";"All figures must be cited within the text.
?	Figures should be numbered sequentially as Figure 1, Figure 2, etc. 
?	They are referred to in the text as Figure 1, Figure 2,  (Fig. 1) etc.
?	Captions should be placed below the figure. The caption is mandatory. There must be a full-stop at the end.";"All tables must be cited within the text.
?	Tables should be numbered sequentially as Table 1, Table 2, etc. 
?	They are referred to in the text as Table 1, Table 2,  (Tab. 1) etc.
?	Captions should be placed above the table. The caption is mandatory. There must be a full-stop at the end.
?	Vertical lines are not permitted; horizontal lines should be kept to a minimum.";"Final sections are inserted just after the conclusion and just before the references.
The titles of the final sections should use the same font as the titles of other sections. The titles and the paragraphs of the final sections should be typeset in font size 9.
To know which final sections are mandatory, kindly check the [final section table].
The possible Final Declarations are:

?	Acknowledgments
?	Funding
If no funding has been provided, please include the statement ""This research did not receive any specific funding"".
?	Conflicts of interest
If no conflict of interest has been provided, please include the statement ""The authors declare that they have no competing interests to report"".
?	Data availability statement
There is a limited phrasing accepted for the Data availability statement, only one of the 5 below:
-	The research data associated with this article are available in [Name of public data repository], under the reference [DOI or other data identifier][1]
-	The research data are available on request from the authors
-	The research data associated with this article are included within the article
-	This article has no associated data generated and/or analyzed
-	Data associated with this article cannot be disclosed due to legal/ethical/other reason.
?	Author contribution statement";"Supplementary material appears after the final statements, before the references.
Example:
Supplementary Material
Name of the Supplementary Material. Short description (optional).
The supplementary material of this article is available at https://[journal]/[DOI]/olm.";"All references in the bibliographical index must correspond to the references cited in the text and vice versa. If not, ask the author when sending the proof.
All references must be numbered.

Remarks :
-	The titles of books and journals are not capitalized. 
-	No journal name begins with ?The?. 
Keep the DOI number if provided.

The journal uses the IEEE style:
https://pitt.libguides.com/citationhelp/ieee";"The citation box is right after the references.
Cite this article as: [Initial]. [Name], ?[Title of the article,]?, [Name of the journal], vol. [Volume], pp. [Pagination], [Month] [Year].
Example: G. Liu, K. Y. Lee, and H. F. Jordan, ""TDM and TWDM de Bruijn networks and shufflenets for optical communications,"" IEEE Trans. Comp., vol. 46, pp. 695-701, June 1997.";"The Appendices or Annexes are after the references.
They are in font size 9 pt.";
swsc;"[Journal shortened name], Volume, Article number ([Year])
Example: J. Eur. Opt. Society-Rapid Publ., 22, 62, 2042";"¸ [Name of the authors], Published by EDP Sciences, [Year] 
Example: J.M. Bertho and M. Bourguignon, Published by EDP Sciences, 2026
?	If there is one author : ¸ [Initial + Surname], Published by EDP Sciences, [Year] 
?	If there are two authors: ¸ [Initial + Surname and Initial + Surname], Published by EDP Sciences, [Year] 
?	If there are three or more authors: ¸ [Initial + Surname et al.], Published by EDP Sciences, [Year] ";"There must always be :
?	At the top of the page : the ?Open Access? logo
?	At the bottom of the page : the mention ?This is an Open Access article distributed under the terms of the Creative Commons Attribution License (https://creativecommons.org/licenses/by/4.0), which permits unrestricted use, distribution, and reproduction in any medium, provided the original work is properly cited. ?";"If the article belongs to a Special Issue or a Topical Issue, the name of the Special Issue should appear above the banner, like so:
Special Issue/Topical Issue - [Name of the Special Issue/Topical Issue]
Guest Editors: [Names of the Guest Editors]
The font should be the same as that of the main text.";"The article type is displayed on the banner, on the left.
It must be written identically to what is in SAGA. Please respect the uppercase/lowercase letters.";No capital in the title (only at the beginning of the first word of the title, for proper nouns, name of species?).;/;"Full first name + full last name.
The names are separated by commas, except for the last one, which is preceded by ?and?.
There is no full stop at the end of the list of authors.
Example:
Yi-Ping Wang1, Shi-Chuang Jiang1,2,* and Dong Sun27";"The list must be numbered if there is more than one affiliation.
There must be at least one address for each author.
The city and country must be included in the address.
No full stop at the end of the addresses and after acronyms (example: USA, PR China, UK, PO Box?).
Example:
1 School of Optoelectronic and Communication Engineering, Xiamen University of Technology, Xiamen 361024, PR China
2 Fujian Key Laboratory of Optoelectronic Technology and Devices, Xiamen University of Technology, Xiamen 361024, PR China";"Put this symbol ?*? after the name of the corresponding author.
Add this footnote: * Corresponding author: [e-mail of the corresponding author]";"When two authors contributed equally to the manuscript, add this symbol ??? after the names of each author.
Add this footnote: ? These authors contributed equally.";;Received: XX Month XXXX / Accepted: XX Month XXXX;The abstract is preceded by ?Abstract ?? in bold.;"Keywords: keyword 1 / keyword 2 / keyword 3?
?Keywords:? is in bold with an uppercase letter at the start. The keywords are all lowercase.";The translated abstract is preceded by ?R‚sum‚ ?? in bold.;"Centered and at the top of every page.
[Initial + surname of the first author ] et al.: [Journal shortened name], Volume, Article number ([Year])
Example: S. Mathy et al.: J. Eur. Opt. Society-Rapid Publ., 22, 62, 2026
[Initial + surname of the first author ] et al.: [Journal shortened name], Volume, Article number ([Year])
Example: S. Mathy et al.: J. Eur. Opt. Society-Rapid Publ., 22, 62, 2042";"The sections are numbered in Arabic numerals.
Example: 
1 Introduction
2 Theory";The main text of the article should be typeset in font size 10.;The main text should be typeset into two columns.;"Latin terms must appear in roman font (e.g., i.e., cf., et al., in situ, versus, vs., ab initio, a priori, via, in vitro, ad hoc, ...); unbreakable spaces within.";"The standard rules for abbreviation must be followed : https://www.scribbr.com/academic-writing/abbreviations-and-acronyms/.
2. When the authors use an abbreviation for the first time, the authors need to present both the spelled-out version and the short form. 
3. In the spelled-out version, capital letter for the initial letter of each word is only needed for the names of organization or person.";"All measurements, data and symbols (variables) should be given using international norms (ISO) and should always be written in italic.
SI units should be used: the unit ""litre"" should be abbreviated as ""L"" (also mL, æL, etc.), minutes as min, degrees as øC or K. All units should be typeset in roman. There must have a space between a number and its unit.
Equations that are referred to in the text should be numbered with the number on the right-hand side and should be numbered sequentially throughout the text (i.e., (1), (2), (3)). There is no punctuation at the end.";"All figures must be cited within the text.
?	Figures should be numbered sequentially as Figure 1, Figure 2, etc. 
?	They are referred to in the text as Figure 1, Figure 2,  (Fig. 1) etc.
?	Captions should be placed below the figure. The caption is mandatory. There must be a full-stop at the end.";"All tables must be cited within the text.
?	Tables should be numbered sequentially as Table 1, Table 2, etc. 
?	They are referred to in the text as Table 1, Table 2,  (Tab. 1) etc.
?	Captions should be placed above the table. The caption is mandatory. There must be a full-stop at the end.
?	Vertical lines are not permitted; horizontal lines should be kept to a minimum.";"Final sections are inserted just after the conclusion and just before the references.
The titles of the final sections should use the same font as the titles of other sections. The titles and the paragraphs of the final sections should be typeset in font size 9.
To know which final sections are mandatory, kindly check the [final section table].
The possible Final Declarations are:

?	Acknowledgments
?	Funding
If no funding has been provided, please include the statement ""This research did not receive any specific funding"".
?	Conflicts of interest
If no conflict of interest has been provided, please include the statement ""The authors declare that they have no competing interests to report"".
?	Data availability statement
There is a limited phrasing accepted for the Data availability statement, only one of the 5 below:
-	The research data associated with this article are available in [Name of public data repository], under the reference [DOI or other data identifier][1]
-	The research data are available on request from the authors
-	The research data associated with this article are included within the article
-	This article has no associated data generated and/or analyzed
-	Data associated with this article cannot be disclosed due to legal/ethical/other reason.
?	Author contribution statement";"Supplementary material appears after the final statements, before the references.
Example:
Supplementary Material
Name of the Supplementary Material. Short description (optional).
The supplementary material of this article is available at https://[journal]/[DOI]/olm.";"All references in the bibliographical index must correspond to the references cited in the text and vice versa. If not, ask the author when sending the proof.
All references must be numbered.

Remarks :
-	The titles of books and journals are not capitalized. 
-	No journal name begins with ?The?. 
Keep the DOI number if provided.

The journal uses the IEEE style:
https://pitt.libguides.com/citationhelp/ieee";"The citation box is right after the references.
Cite this article as: [Initial]. [Name], ?[Title of the article,]?, [Name of the journal], vol. [Volume], pp. [Pagination], [Month] [Year].
Example: G. Liu, K. Y. Lee, and H. F. Jordan, ""TDM and TWDM de Bruijn networks and shufflenets for optical communications,"" IEEE Trans. Comp., vol. 46, pp. 695-701, June 1997.";"The Appendices or Annexes are after the references.
They are in font size 9 pt.";
ject;"[Journal shortened name], Volume(Issue), Page numbers([Year])
Example: J. Eur. Opt. Society-Rapid Publ., 22(1), 78-82, 2026";"¸ [Name of the authors], Published by EDP Sciences, [Year] 
Example: J.M. Bertho and M. Bourguignon, Published by EDP Sciences, 2026
?	If there is one author : ¸ [Initial + Surname], Published by EDP Sciences, [Year] 
?	If there are two authors: ¸ [Initial + Surname and Initial + Surname], Published by EDP Sciences, [Year] 
?	If there are three or more authors: ¸ [Initial + Surname et al.], Published by EDP Sciences, [Year] ";"There must always be :
?	At the top of the page : the ?Open Access? logo
?	At the bottom of the page : the mention ?This is an Open Access article distributed under the terms of the Creative Commons Attribution License (https://creativecommons.org/licenses/by/4.0), which permits unrestricted use, distribution, and reproduction in any medium, provided the original work is properly cited. ?";"If the article belongs to a Special Issue or a Topical Issue, the name of the Special Issue should appear above the banner, like so:
Special Issue/Topical Issue - [Name of the Special Issue/Topical Issue]
Guest Editors: [Names of the Guest Editors]
The font should be the same as that of the main text.";"The article type is displayed on the banner, on the left.
It must be written identically to what is in SAGA. Please respect the uppercase/lowercase letters.";No capital in the title (only at the beginning of the first word of the title, for proper nouns, name of species?).;/;"Full first name + full last name.
The names are separated by commas, except for the last one, which is preceded by ?and?.
There is no full stop at the end of the list of authors.
Example:
Yi-Ping Wang1, Shi-Chuang Jiang1,2,* and Dong Sun28";"The list must be numbered if there is more than one affiliation.
There must be at least one address for each author.
The city and country must be included in the address.
No full stop at the end of the addresses and after acronyms (example: USA, PR China, UK, PO Box?).
Example:
1 School of Optoelectronic and Communication Engineering, Xiamen University of Technology, Xiamen 361024, PR China
2 Fujian Key Laboratory of Optoelectronic Technology and Devices, Xiamen University of Technology, Xiamen 361024, PR China";"Put this symbol ?*? after the name of the corresponding author.
Add this footnote: * Corresponding author: [e-mail of the corresponding author]";"When two authors contributed equally to the manuscript, add this symbol ??? after the names of each author.
Add this footnote: ? These authors contributed equally.";;Received: XX Month XXXX / Accepted: XX Month XXXX;The abstract is preceded by ?Abstract ?? in bold.;"Keywords: keyword 1 / keyword 2 / keyword 3?
?Keywords:? is in bold with an uppercase letter at the start. The keywords are all lowercase.";The translated abstract is preceded by ?R‚sum‚ ?? in bold.;"Centered and at the top of every page.
[Initial + surname of the first author ] et al.: [Journal shortened name], Volume(Issue), Page numbers([Year])
Example: S. Mathy et al.: J. Eur. Opt. Society-Rapid Publ., 22(1), 78-82, 2026";The sections are not numbered.;The main text of the article should be typeset in font size 10.;The main text should be typeset into two columns.;"Latin terms must appear in roman font (e.g., i.e., cf., et al., in situ, versus, vs., ab initio, a priori, via, in vitro, ad hoc, ...); unbreakable spaces within.";"The standard rules for abbreviation must be followed : https://www.scribbr.com/academic-writing/abbreviations-and-acronyms/.
2. When the authors use an abbreviation for the first time, the authors need to present both the spelled-out version and the short form. 
3. In the spelled-out version, capital letter for the initial letter of each word is only needed for the names of organization or person.";"All measurements, data and symbols (variables) should be given using international norms (ISO) and should always be written in italic.
SI units should be used: the unit ""litre"" should be abbreviated as ""L"" (also mL, æL, etc.), minutes as min, degrees as øC or K. All units should be typeset in roman. There must have a space between a number and its unit.
Equations that are referred to in the text should be numbered with the number on the right-hand side and should be numbered sequentially throughout the text (i.e., (1), (2), (3)). There is no punctuation at the end.";"All figures must be cited within the text.
?	Figures should be numbered sequentially as Figure 1, Figure 2, etc. 
?	They are referred to in the text as Figure 1, Figure 2,  (Fig. 1) etc.
?	Captions should be placed below the figure. The caption is mandatory. There must be a full-stop at the end.";"All tables must be cited within the text.
?	Tables should be numbered sequentially as Table 1, Table 2, etc. 
?	They are referred to in the text as Table 1, Table 2,  (Tab. 1) etc.
?	Captions should be placed above the table. The caption is mandatory. There must be a full-stop at the end.
?	Vertical lines are not permitted; horizontal lines should be kept to a minimum.";"Final sections are inserted just after the conclusion and just before the references.
The titles of the final sections should use the same font as the titles of other sections. The titles and the paragraphs of the final sections should be typeset in font size 9.
To know which final sections are mandatory, kindly check the [final section table].
The possible Final Declarations are:

?	Acknowledgments
?	Funding
If no funding has been provided, please include the statement ""This research did not receive any specific funding"".
?	Conflicts of interest
If no conflict of interest has been provided, please include the statement ""The authors declare that they have no competing interests to report"".
?	Data availability statement
There is a limited phrasing accepted for the Data availability statement, only one of the 5 below:
-	The research data associated with this article are available in [Name of public data repository], under the reference [DOI or other data identifier][1]
-	The research data are available on request from the authors
-	The research data associated with this article are included within the article
-	This article has no associated data generated and/or analyzed
-	Data associated with this article cannot be disclosed due to legal/ethical/other reason.
?	Author contribution statement";"Supplementary material appears after the final statements, before the references.
Example:
Supplementary Material
Name of the Supplementary Material. Short description (optional).
The supplementary material of this article is available at https://[journal]/[DOI]/olm.";"All references in the bibliographical index must correspond to the references cited in the text and vice versa. If not, ask the author when sending the proof.
All references must be numbered.

Remarks :
-	The titles of books and journals are not capitalized. 
-	No journal name begins with ?The?. 
Keep the DOI number if provided.

The journal uses the IEEE style:
https://pitt.libguides.com/citationhelp/ieee";"The citation box is right after the references.
Cite this article as: [Initial]. [Name], ?[Title of the article,]?, [Name of the journal], vol. [Volume], pp. [Pagination], [Month] [Year].
Example: G. Liu, K. Y. Lee, and H. F. Jordan, ""TDM and TWDM de Bruijn networks and shufflenets for optical communications,"" IEEE Trans. Comp., vol. 46, pp. 695-701, June 1997.";"The Appendices or Annexes are after the references.
They are in font size 9 pt.";
sicotj;"[Journal shortened name], Volume, Article number ([Year])
Example: J. Eur. Opt. Society-Rapid Publ., 22, 62, 2042";"¸ [Name of the authors], Published by EDP Sciences, [Year] 
Example: J.M. Bertho and M. Bourguignon, Published by EDP Sciences, 2026
?	If there is one author : ¸ [Initial + Surname], Published by EDP Sciences, [Year] 
?	If there are two authors: ¸ [Initial + Surname and Initial + Surname], Published by EDP Sciences, [Year] 
?	If there are three or more authors: ¸ [Initial + Surname et al.], Published by EDP Sciences, [Year] ";"There must always be :
?	At the top of the page : the ?Open Access? logo
?	At the bottom of the page : the mention ?This is an Open Access article distributed under the terms of the Creative Commons Attribution License (https://creativecommons.org/licenses/by/4.0), which permits unrestricted use, distribution, and reproduction in any medium, provided the original work is properly cited. ?";"If the article belongs to a Special Issue or a Topical Issue, the name of the Special Issue should appear above the banner, like so:
Special Issue/Topical Issue - [Name of the Special Issue/Topical Issue]
Guest Editors: [Names of the Guest Editors]
The font should be the same as that of the main text.";"The article type is displayed on the banner, on the left.
It must be written identically to what is in SAGA. Please respect the uppercase/lowercase letters.";No capital in the title (only at the beginning of the first word of the title, for proper nouns, name of species?).;/;"Full first name + full last name.
The names are separated by commas, except for the last one, which is preceded by ?and?.
There is no full stop at the end of the list of authors.
Example:
Yi-Ping Wang1, Shi-Chuang Jiang1,2,* and Dong Sun29";"The list must be numbered if there is more than one affiliation.
There must be at least one address for each author.
The city and country must be included in the address.
No full stop at the end of the addresses and after acronyms (example: USA, PR China, UK, PO Box?).
Example:
1 School of Optoelectronic and Communication Engineering, Xiamen University of Technology, Xiamen 361024, PR China
2 Fujian Key Laboratory of Optoelectronic Technology and Devices, Xiamen University of Technology, Xiamen 361024, PR China";"Put this symbol ?*? after the name of the corresponding author.
Add this footnote: * Corresponding author: [e-mail of the corresponding author]";"When two authors contributed equally to the manuscript, add this symbol ??? after the names of each author.
Add this footnote: ? These authors contributed equally.";;Received: XX Month XXXX / Accepted: XX Month XXXX;The abstract is preceded by ?Abstract ?? in bold.;"Keywords: keyword 1 / keyword 2 / keyword 3?
?Keywords:? is in bold with an uppercase letter at the start. The keywords are all lowercase.";The translated abstract is preceded by ?R‚sum‚ ?? in bold.;"Centered and at the top of every page.
[Initial + surname of the first author ] et al.: [Journal shortened name], Volume, Article number ([Year])
Example: S. Mathy et al.: J. Eur. Opt. Society-Rapid Publ., 22, 62, 2026
[Initial + surname of the first author ] et al.: [Journal shortened name], Volume, Article number ([Year])
Example: S. Mathy et al.: J. Eur. Opt. Society-Rapid Publ., 22, 62, 2042";The sections are not numbered.;The main text of the article should be typeset in font size 10.;The main text should be typeset into two columns.;"Latin terms must appear in roman font (e.g., i.e., cf., et al., in situ, versus, vs., ab initio, a priori, via, in vitro, ad hoc, ...); unbreakable spaces within.";"The standard rules for abbreviation must be followed : https://www.scribbr.com/academic-writing/abbreviations-and-acronyms/.
2. When the authors use an abbreviation for the first time, the authors need to present both the spelled-out version and the short form. 
3. In the spelled-out version, capital letter for the initial letter of each word is only needed for the names of organization or person.";"All measurements, data and symbols (variables) should be given using international norms (ISO) and should always be written in italic.
SI units should be used: the unit ""litre"" should be abbreviated as ""L"" (also mL, æL, etc.), minutes as min, degrees as øC or K. All units should be typeset in roman. There must have a space between a number and its unit.
Equations that are referred to in the text should be numbered with the number on the right-hand side and should be numbered sequentially throughout the text (i.e., (1), (2), (3)). There is no punctuation at the end.";"All figures must be cited within the text.
?	Figures should be numbered sequentially as Figure 1, Figure 2, etc. 
?	They are referred to in the text as Figure 1, Figure 2,  (Fig. 1) etc.
?	Captions should be placed below the figure. The caption is mandatory. There must be a full-stop at the end.";"All tables must be cited within the text.
?	Tables should be numbered sequentially as Table 1, Table 2, etc. 
?	They are referred to in the text as Table 1, Table 2,  (Tab. 1) etc.
?	Captions should be placed above the table. The caption is mandatory. There must be a full-stop at the end.
?	Vertical lines are not permitted; horizontal lines should be kept to a minimum.";"Final sections are inserted just after the conclusion and just before the references.
The titles of the final sections should use the same font as the titles of other sections. The titles and the paragraphs of the final sections should be typeset in font size 9.
To know which final sections are mandatory, kindly check the [final section table].
The possible Final Declarations are:

?	Acknowledgments
?	Funding
If no funding has been provided, please include the statement ""This research did not receive any specific funding"".
?	Conflicts of interest
If no conflict of interest has been provided, please include the statement ""The authors declare that they have no competing interests to report"".
?	Data availability statement
There is a limited phrasing accepted for the Data availability statement, only one of the 5 below:
-	The research data associated with this article are available in [Name of public data repository], under the reference [DOI or other data identifier][1]
-	The research data are available on request from the authors
-	The research data associated with this article are included within the article
-	This article has no associated data generated and/or analyzed
-	Data associated with this article cannot be disclosed due to legal/ethical/other reason.
?	Author contribution statement";"Supplementary material appears after the final statements, before the references.
Example:
Supplementary Material
Name of the Supplementary Material. Short description (optional).
The supplementary material of this article is available at https://[journal]/[DOI]/olm.";"All references in the bibliographical index must correspond to the references cited in the text and vice versa. If not, ask the author when sending the proof.
All references must be numbered.

Remarks :
-	The titles of books and journals are not capitalized. 
-	No journal name begins with ?The?. 
Keep the DOI number if provided.

The journal uses the IEEE style:
https://pitt.libguides.com/citationhelp/ieee";"The citation box is right after the references.
Cite this article as: [Initial]. [Name], ?[Title of the article,]?, [Name of the journal], vol. [Volume], pp. [Pagination], [Month] [Year].
Example: G. Liu, K. Y. Lee, and H. F. Jordan, ""TDM and TWDM de Bruijn networks and shufflenets for optical communications,"" IEEE Trans. Comp., vol. 46, pp. 695-701, June 1997.";"The Appendices or Annexes are after the references.
They are in font size 9 pt.";
vcm;"[Journal shortened name], Volume, Article number ([Year])
Example: J. Eur. Opt. Society-Rapid Publ., 22, 62, 2043";"¸ [Name of the authors], Published by EDP Sciences, [Year] 
Example: J.M. Bertho and M. Bourguignon, Published by EDP Sciences, 2026
?	If there is one author : ¸ [Initial + Surname], Published by EDP Sciences, [Year] 
?	If there are two authors: ¸ [Initial + Surname and Initial + Surname], Published by EDP Sciences, [Year] 
?	If there are three or more authors: ¸ [Initial + Surname et al.], Published by EDP Sciences, [Year] ";"There must always be :
?	At the top of the page : the ?Open Access? logo
?	At the bottom of the page : the mention ?This is an Open Access article distributed under the terms of the Creative Commons Attribution License (https://creativecommons.org/licenses/by/4.0), which permits unrestricted use, distribution, and reproduction in any medium, provided the original work is properly cited. ?";"If the article belongs to a Special Issue or a Topical Issue, the name of the Special Issue should appear above the banner, like so:
Special Issue/Topical Issue - [Name of the Special Issue/Topical Issue]
Guest Editors: [Names of the Guest Editors]
The font should be the same as that of the main text.";"The article type is displayed on the banner, on the left.
It must be written identically to what is in SAGA. Please respect the uppercase/lowercase letters.";No capital in the title (only at the beginning of the first word of the title, for proper nouns, name of species?).;/;"Full first name + full last name.
The names are separated by commas, except for the last one, which is preceded by ?and?.
There is no full stop at the end of the list of authors.
Example:
Yi-Ping Wang1, Shi-Chuang Jiang1,2,* and Dong Sun30";"The list must be numbered if there is more than one affiliation.
There must be at least one address for each author.
The city and country must be included in the address.
No full stop at the end of the addresses and after acronyms (example: USA, PR China, UK, PO Box?).
Example:
1 School of Optoelectronic and Communication Engineering, Xiamen University of Technology, Xiamen 361024, PR China
2 Fujian Key Laboratory of Optoelectronic Technology and Devices, Xiamen University of Technology, Xiamen 361024, PR China";"Put this symbol ?*? after the name of the corresponding author.
Add this footnote: * Corresponding author: [e-mail of the corresponding author]";"When two authors contributed equally to the manuscript, add this symbol ??? after the names of each author.
Add this footnote: ? These authors contributed equally.";;Received: XX Month XXXX / Accepted: XX Month XXXX;The abstract is preceded by ?Abstract ?? in bold.;"Keywords: keyword 1 / keyword 2 / keyword 3?
?Keywords:? is in bold with an uppercase letter at the start. The keywords are all lowercase.";The translated abstract is preceded by ?R‚sum‚ ?? in bold.;"Centered and at the top of every page.
[Initial + surname of the first author ] et al.: [Journal shortened name], Volume, Article number ([Year])
Example: S. Mathy et al.: J. Eur. Opt. Society-Rapid Publ., 22, 62, 2026
[Initial + surname of the first author ] et al.: [Journal shortened name], Volume, Article number ([Year])
Example: S. Mathy et al.: J. Eur. Opt. Society-Rapid Publ., 22, 62, 2042";The sections are not numbered.;The main text of the article should be typeset in font size 10.;The main text should be typeset into two columns.;"Latin terms must appear in roman font (e.g., i.e., cf., et al., in situ, versus, vs., ab initio, a priori, via, in vitro, ad hoc, ...); unbreakable spaces within.";"The standard rules for abbreviation must be followed : https://www.scribbr.com/academic-writing/abbreviations-and-acronyms/.
2. When the authors use an abbreviation for the first time, the authors need to present both the spelled-out version and the short form. 
3. In the spelled-out version, capital letter for the initial letter of each word is only needed for the names of organization or person.";"All measurements, data and symbols (variables) should be given using international norms (ISO) and should always be written in italic.
SI units should be used: the unit ""litre"" should be abbreviated as ""L"" (also mL, æL, etc.), minutes as min, degrees as øC or K. All units should be typeset in roman. There must have a space between a number and its unit.
Equations that are referred to in the text should be numbered with the number on the right-hand side and should be numbered sequentially throughout the text (i.e., (1), (2), (3)). There is no punctuation at the end.";"All figures must be cited within the text.
?	Figures should be numbered sequentially as Figure 1, Figure 2, etc. 
?	They are referred to in the text as Figure 1, Figure 2,  (Fig. 1) etc.
?	Captions should be placed below the figure. The caption is mandatory. There must be a full-stop at the end.";"All tables must be cited within the text.
?	Tables should be numbered sequentially as Table 1, Table 2, etc. 
?	They are referred to in the text as Table 1, Table 2,  (Tab. 1) etc.
?	Captions should be placed above the table. The caption is mandatory. There must be a full-stop at the end.
?	Vertical lines are not permitted; horizontal lines should be kept to a minimum.";"Final sections are inserted just after the conclusion and just before the references.
The titles of the final sections should use the same font as the titles of other sections. The titles and the paragraphs of the final sections should be typeset in font size 9.
To know which final sections are mandatory, kindly check the [final section table].
The possible Final Declarations are:

?	Acknowledgments
?	Funding
If no funding has been provided, please include the statement ""This research did not receive any specific funding"".
?	Conflicts of interest
If no conflict of interest has been provided, please include the statement ""The authors declare that they have no competing interests to report"".
?	Data availability statement
There is a limited phrasing accepted for the Data availability statement, only one of the 5 below:
-	The research data associated with this article are available in [Name of public data repository], under the reference [DOI or other data identifier][1]
-	The research data are available on request from the authors
-	The research data associated with this article are included within the article
-	This article has no associated data generated and/or analyzed
-	Data associated with this article cannot be disclosed due to legal/ethical/other reason.
?	Author contribution statement";"Supplementary material appears after the final statements, before the references.
Example:
Supplementary Material
Name of the Supplementary Material. Short description (optional).
The supplementary material of this article is available at https://[journal]/[DOI]/olm.";"All references in the bibliographical index must correspond to the references cited in the text and vice versa. If not, ask the author when sending the proof.
All references must be numbered.

Remarks :
-	The titles of books and journals are not capitalized. 
-	No journal name begins with ?The?. 
Keep the DOI number if provided.

The journal uses the IEEE style:
https://pitt.libguides.com/citationhelp/ieee";"The citation box is right after the references.
Cite this article as: [Initial]. [Name], ?[Title of the article,]?, [Name of the journal], vol. [Volume], pp. [Pagination], [Month] [Year].
Example: G. Liu, K. Y. Lee, and H. F. Jordan, ""TDM and TWDM de Bruijn networks and shufflenets for optical communications,"" IEEE Trans. Comp., vol. 46, pp. 695-701, June 1997.";"The Appendices or Annexes are after the references.
They are in font size 9 pt.";
sands;"[Journal shortened name], Volume, Article number ([Year])
Example: J. Eur. Opt. Society-Rapid Publ., 22, 62, 2044";"¸ [Name of the authors], Published by EDP Sciences, [Year] 
Example: J.M. Bertho and M. Bourguignon, Published by EDP Sciences, 2026
?	If there is one author : ¸ [Initial + Surname], Published by EDP Sciences, [Year] 
?	If there are two authors: ¸ [Initial + Surname and Initial + Surname], Published by EDP Sciences, [Year] 
?	If there are three or more authors: ¸ [Initial + Surname et al.], Published by EDP Sciences, [Year] ";"There must always be :
?	At the top of the page : the ?Open Access? logo
?	At the bottom of the page : the mention ?This is an Open Access article distributed under the terms of the Creative Commons Attribution License (https://creativecommons.org/licenses/by/4.0), which permits unrestricted use, distribution, and reproduction in any medium, provided the original work is properly cited. ?";"If the article belongs to a Special Issue or a Topical Issue, the name of the Special Issue should appear above the banner, like so:
Special Issue/Topical Issue - [Name of the Special Issue/Topical Issue]
Guest Editors: [Names of the Guest Editors]
The font should be the same as that of the main text.";"The article type is displayed on the banner, on the left.
It must be written identically to what is in SAGA. Please respect the uppercase/lowercase letters.";No capital in the title (only at the beginning of the first word of the title, for proper nouns, name of species?).;/;"Full first name + full last name.
The names are separated by commas, except for the last one, which is preceded by ?and?.
There is no full stop at the end of the list of authors.
Example:
Yi-Ping Wang1, Shi-Chuang Jiang1,2,* and Dong Sun31";"The list must be numbered if there is more than one affiliation.
There must be at least one address for each author.
The city and country must be included in the address.
No full stop at the end of the addresses and after acronyms (example: USA, PR China, UK, PO Box?).
Example:
1 School of Optoelectronic and Communication Engineering, Xiamen University of Technology, Xiamen 361024, PR China
2 Fujian Key Laboratory of Optoelectronic Technology and Devices, Xiamen University of Technology, Xiamen 361024, PR China";"Put this symbol ?*? after the name of the corresponding author.
Add this footnote: * Corresponding author: [e-mail of the corresponding author]";"When two authors contributed equally to the manuscript, add this symbol ??? after the names of each author.
Add this footnote: ? These authors contributed equally.";;Received: XX Month XXXX / Accepted: XX Month XXXX;The abstract is preceded by ?Abstract ?? in bold.;"Keywords: keyword 1 / keyword 2 / keyword 3?
?Keywords:? is in bold with an uppercase letter at the start. The keywords are all lowercase.";The translated abstract is preceded by ?R‚sum‚ ?? in bold.;"Centered and at the top of every page.
[Initial + surname of the first author ] et al.: [Journal shortened name], Volume, Article number ([Year])
Example: S. Mathy et al.: J. Eur. Opt. Society-Rapid Publ., 22, 62, 2026
[Initial + surname of the first author ] et al.: [Journal shortened name], Volume, Article number ([Year])
Example: S. Mathy et al.: J. Eur. Opt. Society-Rapid Publ., 22, 62, 2043";"The sections are numbered in Arabic numerals.
Example: 
1 Introduction
2 Theory";The main text of the article should be typeset in font size 10.;The main text should be typeset into one column.;"Latin terms must appear in italic font (e.g., i.e., cf., et al., in situ, versus, vs., ab initio, a priori, via, in vitro, ad hoc, ...); unbreakable spaces within.";"The standard rules for abbreviation must be followed : https://www.scribbr.com/academic-writing/abbreviations-and-acronyms/.
2. When the authors use an abbreviation for the first time, the authors need to present both the spelled-out version and the short form. 
3. In the spelled-out version, capital letter for the initial letter of each word is only needed for the names of organization or person.";"All measurements, data and symbols (variables) should be given using international norms (ISO) and should always be written in italic.
SI units should be used: the unit ""litre"" should be abbreviated as ""L"" (also mL, æL, etc.), minutes as min, degrees as øC or K. All units should be typeset in roman. There must have a space between a number and its unit.
Equations that are referred to in the text should be numbered with the number on the right-hand side and should be numbered sequentially throughout the text (i.e., (1), (2), (3)). There is no punctuation at the end.";"All figures must be cited within the text.
?	Figures should be numbered sequentially as Figure 1, Figure 2, etc. 
?	They are referred to in the text as Figure 1, Figure 2,  (Fig. 1) etc.
?	Captions should be placed below the figure. The caption is mandatory. There must be a full-stop at the end.";"All tables must be cited within the text.
?	Tables should be numbered sequentially as Table 1, Table 2, etc. 
?	They are referred to in the text as Table 1, Table 2,  (Tab. 1) etc.
?	Captions should be placed above the table. The caption is mandatory. There must be a full-stop at the end.
?	Vertical lines are not permitted; horizontal lines should be kept to a minimum.";"Final sections are inserted just after the conclusion and just before the references.
The titles of the final sections should use the same font as the titles of other sections. The titles and the paragraphs of the final sections should be typeset in font size 9.
To know which final sections are mandatory, kindly check the [final section table].
The possible Final Declarations are:

?	Acknowledgments
?	Funding
If no funding has been provided, please include the statement ""This research did not receive any specific funding"".
?	Conflicts of interest
If no conflict of interest has been provided, please include the statement ""The authors declare that they have no competing interests to report"".
?	Data availability statement
There is a limited phrasing accepted for the Data availability statement, only one of the 5 below:
-	The research data associated with this article are available in [Name of public data repository], under the reference [DOI or other data identifier][1]
-	The research data are available on request from the authors
-	The research data associated with this article are included within the article
-	This article has no associated data generated and/or analyzed
-	Data associated with this article cannot be disclosed due to legal/ethical/other reason.
?	Author contribution statement";"Supplementary material appears after the final statements, before the references.
Example:
Supplementary Material
Name of the Supplementary Material. Short description (optional).
The supplementary material of this article is available at https://[journal]/[DOI]/olm.";"All references in the bibliographical index must correspond to the references cited in the text and vice versa. If not, ask the author when sending the proof.
All references must be numbered.

Remarks :
-	The titles of books and journals are not capitalized. 
-	No journal name begins with ?The?. 
Keep the DOI number if provided.

The journal uses the IEEE style:
https://pitt.libguides.com/citationhelp/ieee";"The citation box is right after the references.
Cite this article as: [Initial]. [Name], ?[Title of the article,]?, [Name of the journal], vol. [Volume], pp. [Pagination], [Month] [Year].
Example: G. Liu, K. Y. Lee, and H. F. Jordan, ""TDM and TWDM de Bruijn networks and shufflenets for optical communications,"" IEEE Trans. Comp., vol. 46, pp. 695-701, June 1997.";"The Appendices or Annexes are after the references.
They are in font size 9 pt.";
esaim-cocv;"[Journal shortened name], Volume, Article number ([Year])
Example: J. Eur. Opt. Society-Rapid Publ., 22, 62, 2044";"¸ [Name of the authors], Published by EDP Sciences, [Year] 
Example: J.M. Bertho and M. Bourguignon, Published by EDP Sciences, 2026
?	If there is one author : ¸ [Initial + Surname], Published by EDP Sciences, [Year] 
?	If there are two authors: ¸ [Initial + Surname and Initial + Surname], Published by EDP Sciences, [Year] 
?	If there are three or more authors: ¸ [Initial + Surname et al.], Published by EDP Sciences, [Year] ";"There must always be :
?	At the top of the page : the ?Open Access? logo
?	At the bottom of the page : the mention ?This is an Open Access article distributed under the terms of the Creative Commons Attribution License (https://creativecommons.org/licenses/by/4.0), which permits unrestricted use, distribution, and reproduction in any medium, provided the original work is properly cited. ?";"If the article belongs to a Special Issue or a Topical Issue, the name of the Special Issue should appear above the banner, like so:
Special Issue/Topical Issue - [Name of the Special Issue/Topical Issue]
Guest Editors: [Names of the Guest Editors]
The font should be the same as that of the main text.";"The article type is displayed on the banner, on the left.
It must be written identically to what is in SAGA. Please respect the uppercase/lowercase letters.";No capital in the title (only at the beginning of the first word of the title, for proper nouns, name of species?).;/;"Full first name + full last name.
The names are separated by commas, except for the last one, which is preceded by ?and?.
There is no full stop at the end of the list of authors.
Example:
Yi-Ping Wang1, Shi-Chuang Jiang1,2,* and Dong Sun37";"The list must be numbered if there is more than one affiliation.
There must be at least one address for each author.
The city and country must be included in the address.
No full stop at the end of the addresses and after acronyms (example: USA, PR China, UK, PO Box?).
Example:
1 School of Optoelectronic and Communication Engineering, Xiamen University of Technology, Xiamen 361024, PR China
2 Fujian Key Laboratory of Optoelectronic Technology and Devices, Xiamen University of Technology, Xiamen 361024, PR China";"Put this symbol ?*? after the name of the corresponding author.
Add this footnote: * Corresponding author: [e-mail of the corresponding author]";"When two authors contributed equally to the manuscript, add this symbol ??? after the names of each author.
Add this footnote: ? These authors contributed equally.";;Received: XX Month XXXX / Accepted: XX Month XXXX;The abstract is preceded by ?Abstract ?? in bold.;"Keywords: keyword 1 / keyword 2 / keyword 3?
?Keywords:? is in bold with an uppercase letter at the start. The keywords are all lowercase.";The translated abstract is preceded by ?R‚sum‚ ?? in bold.;"Centered and at the top of every page.
[Initial + surname of the first author ] et al.: [Journal shortened name], Volume, Article number ([Year])
Example: S. Mathy et al.: J. Eur. Opt. Society-Rapid Publ., 22, 62, 2026
[Initial + surname of the first author ] et al.: [Journal shortened name], Volume, Article number ([Year])
Example: S. Mathy et al.: J. Eur. Opt. Society-Rapid Publ., 22, 62, 2044";"The sections are numbered in Arabic numerals.
Example: 
1 Introduction
2 Theory";The main text of the article should be typeset in font size 10.;The main text should be typeset into one column.;"Latin terms must appear in italic font (e.g., i.e., cf., et al., in situ, versus, vs., ab initio, a priori, via, in vitro, ad hoc, ...); unbreakable spaces within.";"The standard rules for abbreviation must be followed : https://www.scribbr.com/academic-writing/abbreviations-and-acronyms/.
2. When the authors use an abbreviation for the first time, the authors need to present both the spelled-out version and the short form. 
3. In the spelled-out version, capital letter for the initial letter of each word is only needed for the names of organization or person.";"All measurements, data and symbols (variables) should be given using international norms (ISO) and should always be written in italic.
SI units should be used: the unit ""litre"" should be abbreviated as ""L"" (also mL, æL, etc.), minutes as min, degrees as øC or K. All units should be typeset in roman. There must have a space between a number and its unit.
Equations that are referred to in the text should be numbered with the number on the right-hand side and should be numbered sequentially throughout the text (i.e., (1), (2), (3)). There is no punctuation at the end.";"All figures must be cited within the text.
?	Figures should be numbered sequentially as Figure 1, Figure 2, etc. 
?	They are referred to in the text as Figure 1, Figure 2,  (Fig. 1) etc.
?	Captions should be placed below the figure. The caption is mandatory. There must be a full-stop at the end.";"All tables must be cited within the text.
?	Tables should be numbered sequentially as Table 1, Table 2, etc. 
?	They are referred to in the text as Table 1, Table 2,  (Tab. 1) etc.
?	Captions should be placed above the table. The caption is mandatory. There must be a full-stop at the end.
?	Vertical lines are not permitted; horizontal lines should be kept to a minimum.";"Final sections are inserted just after the conclusion and just before the references.
The titles of the final sections should use the same font as the titles of other sections. The titles and the paragraphs of the final sections should be typeset in font size 9.
To know which final sections are mandatory, kindly check the [final section table].
The possible Final Declarations are:

?	Acknowledgments
?	Funding
If no funding has been provided, please include the statement ""This research did not receive any specific funding"".
?	Conflicts of interest
If no conflict of interest has been provided, please include the statement ""The authors declare that they have no competing interests to report"".
?	Data availability statement
There is a limited phrasing accepted for the Data availability statement, only one of the 5 below:
-	The research data associated with this article are available in [Name of public data repository], under the reference [DOI or other data identifier][1]
-	The research data are available on request from the authors
-	The research data associated with this article are included within the article
-	This article has no associated data generated and/or analyzed
-	Data associated with this article cannot be disclosed due to legal/ethical/other reason.
?	Author contribution statement";"Supplementary material appears after the final statements, before the references.
Example:
Supplementary Material
Name of the Supplementary Material. Short description (optional).
The supplementary material of this article is available at https://[journal]/[DOI]/olm.";"All references in the bibliographical index must correspond to the references cited in the text and vice versa. If not, ask the author when sending the proof.
All references must be numbered.

Remarks :
-	The titles of books and journals are not capitalized. 
-	No journal name begins with ?The?. 
Keep the DOI number if provided.

The journal uses the IEEE style:
https://pitt.libguides.com/citationhelp/ieee";"The citation box is right after the references.
Cite this article as: [Initial]. [Name], ?[Title of the article,]?, [Name of the journal], vol. [Volume], pp. [Pagination], [Month] [Year].
Example: G. Liu, K. Y. Lee, and H. F. Jordan, ""TDM and TWDM de Bruijn networks and shufflenets for optical communications,"" IEEE Trans. Comp., vol. 46, pp. 695-701, June 1997.";"The Appendices or Annexes are after the references.
They are in font size 9 pt.";The S2O box is placed right at the end of the article.
esaim-m2an;"[Journal shortened name], Volume(Issue), Page numbers([Year])
Example: J. Eur. Opt. Society-Rapid Publ., 22(1), 78-82, 2026";"¸ [Name of the authors], Published by EDP Sciences, [Year] 
Example: J.M. Bertho and M. Bourguignon, Published by EDP Sciences, 2026
?	If there is one author : ¸ [Initial + Surname], Published by EDP Sciences, [Year] 
?	If there are two authors: ¸ [Initial + Surname and Initial + Surname], Published by EDP Sciences, [Year] 
?	If there are three or more authors: ¸ [Initial + Surname et al.], Published by EDP Sciences, [Year] ";"There must always be :
?	At the top of the page : the ?Open Access? logo
?	At the bottom of the page : the mention ?This is an Open Access article distributed under the terms of the Creative Commons Attribution License (https://creativecommons.org/licenses/by/4.0), which permits unrestricted use, distribution, and reproduction in any medium, provided the original work is properly cited. ?";"If the article belongs to a Special Issue or a Topical Issue, the name of the Special Issue should appear above the banner, like so:
Special Issue/Topical Issue - [Name of the Special Issue/Topical Issue]
Guest Editors: [Names of the Guest Editors]
The font should be the same as that of the main text.";"The article type is displayed on the banner, on the left.
It must be written identically to what is in SAGA. Please respect the uppercase/lowercase letters.";No capital in the title (only at the beginning of the first word of the title, for proper nouns, name of species?).;"No capital in the title (only at the beginning of the first word of the title, for proper nouns, name of species?).
The translated title is set in bold at the beginning of the translated abstract.";"Full first name + full last name.
The names are separated by commas, except for the last one, which is preceded by ?and?.
There is no full stop at the end of the list of authors.
Example:
Yi-Ping Wang1, Shi-Chuang Jiang1,2,* and Dong Sun38";"The list must be numbered if there is more than one affiliation.
There must be at least one address for each author.
The city and country must be included in the address.
No full stop at the end of the addresses and after acronyms (example: USA, PR China, UK, PO Box?).
Example:
1 School of Optoelectronic and Communication Engineering, Xiamen University of Technology, Xiamen 361024, PR China
2 Fujian Key Laboratory of Optoelectronic Technology and Devices, Xiamen University of Technology, Xiamen 361024, PR China";"Put this symbol ?*? after the name of the corresponding author.
Add this footnote: * Corresponding author: [e-mail of the corresponding author]";"When two authors contributed equally to the manuscript, add this symbol ??? after the names of each author.
Add this footnote: ? These authors contributed equally.";;Received: XX Month XXXX / Accepted: XX Month XXXX;The abstract is preceded by ?Abstract ?? in bold.;"Keywords: keyword 1 / keyword 2 / keyword 3?
?Keywords:? is in bold with an uppercase letter at the start. The keywords are all lowercase.";The translated abstract is preceded by ?R‚sum‚ ?? in bold.;"Centered and at the top of every page.
[Initial + surname of the first author ] et al.: [Journal shortened name], Volume(Issue), Page numbers([Year])
Example: S. Mathy et al.: J. Eur. Opt. Society-Rapid Publ., 22(1), 78-82, 2026";"The sections are numbered in Arabic numerals.
Example: 
1 Introduction
2 Theory";The main text of the article should be typeset in font size 10.;The main text should be typeset into one column.;"Latin terms must appear in italic font (e.g., i.e., cf., et al., in situ, versus, vs., ab initio, a priori, via, in vitro, ad hoc, ...); unbreakable spaces within.";"The standard rules for abbreviation must be followed : https://www.scribbr.com/academic-writing/abbreviations-and-acronyms/.
2. When the authors use an abbreviation for the first time, the authors need to present both the spelled-out version and the short form. 
3. In the spelled-out version, capital letter for the initial letter of each word is only needed for the names of organization or person.";"All measurements, data and symbols (variables) should be given using international norms (ISO) and should always be written in italic.
SI units should be used: the unit ""litre"" should be abbreviated as ""L"" (also mL, æL, etc.), minutes as min, degrees as øC or K. All units should be typeset in roman. There must have a space between a number and its unit.
Equations that are referred to in the text should be numbered with the number on the right-hand side and should be numbered sequentially throughout the text (i.e., (1), (2), (3)). There is no punctuation at the end.";"All figures must be cited within the text.
?	Figures should be numbered sequentially as Figure 1, Figure 2, etc. 
?	They are referred to in the text as Figure 1, Figure 2,  (Fig. 1) etc.
?	Captions should be placed below the figure. The caption is mandatory. There must be a full-stop at the end.";"All tables must be cited within the text.
?	Tables should be numbered sequentially as Table 1, Table 2, etc. 
?	They are referred to in the text as Table 1, Table 2,  (Tab. 1) etc.
?	Captions should be placed above the table. The caption is mandatory. There must be a full-stop at the end.
?	Vertical lines are not permitted; horizontal lines should be kept to a minimum.";"Final sections are inserted just after the conclusion and just before the references.
The titles of the final sections should use the same font as the titles of other sections. The titles and the paragraphs of the final sections should be typeset in font size 9.
To know which final sections are mandatory, kindly check the [final section table].
The possible Final Declarations are:

?	Acknowledgments
?	Funding
If no funding has been provided, please include the statement ""This research did not receive any specific funding"".
?	Conflicts of interest
If no conflict of interest has been provided, please include the statement ""The authors declare that they have no competing interests to report"".
?	Data availability statement
There is a limited phrasing accepted for the Data availability statement, only one of the 5 below:
-	The research data associated with this article are available in [Name of public data repository], under the reference [DOI or other data identifier][1]
-	The research data are available on request from the authors
-	The research data associated with this article are included within the article
-	This article has no associated data generated and/or analyzed
-	Data associated with this article cannot be disclosed due to legal/ethical/other reason.
?	Author contribution statement";"Supplementary material appears after the final statements, before the references.
Example:
Supplementary Material
Name of the Supplementary Material. Short description (optional).
The supplementary material of this article is available at https://[journal]/[DOI]/olm.";"All references in the bibliographical index must correspond to the references cited in the text and vice versa. If not, ask the author when sending the proof.
All references must be numbered.

Remarks :
-	The titles of books and journals are not capitalized. 
-	No journal name begins with ?The?. 
Keep the DOI number if provided.

The journal uses the IEEE style:
https://pitt.libguides.com/citationhelp/ieee";"The citation box is right after the references.
Cite this article as: [Initial]. [Name], ?[Title of the article,]?, [Name of the journal], vol. [Volume], pp. [Pagination], [Month] [Year].
Example: G. Liu, K. Y. Lee, and H. F. Jordan, ""TDM and TWDM de Bruijn networks and shufflenets for optical communications,"" IEEE Trans. Comp., vol. 46, pp. 695-701, June 1997.";"The Appendices or Annexes are after the references.
They are in font size 9 pt.";The S2O box is placed right at the end of the article.
esaim-ps;"[Journal shortened name], Volume(Issue), Page numbers([Year])
Example: J. Eur. Opt. Society-Rapid Publ., 22(1), 78-82, 2026";"¸ [Name of the authors], Published by EDP Sciences, [Year] 
Example: J.M. Bertho and M. Bourguignon, Published by EDP Sciences, 2026
?	If there is one author : ¸ [Initial + Surname], Published by EDP Sciences, [Year] 
?	If there are two authors: ¸ [Initial + Surname and Initial + Surname], Published by EDP Sciences, [Year] 
?	If there are three or more authors: ¸ [Initial + Surname et al.], Published by EDP Sciences, [Year] ";"There must always be :
?	At the top of the page : the ?Open Access? logo
?	At the bottom of the page : the mention ?This is an Open Access article distributed under the terms of the Creative Commons Attribution License (https://creativecommons.org/licenses/by/4.0), which permits unrestricted use, distribution, and reproduction in any medium, provided the original work is properly cited. ?";"If the article belongs to a Special Issue or a Topical Issue, the name of the Special Issue should appear above the banner, like so:
Special Issue/Topical Issue - [Name of the Special Issue/Topical Issue]
Guest Editors: [Names of the Guest Editors]
The font should be the same as that of the main text.";"The article type is displayed on the banner, on the left.
It must be written identically to what is in SAGA. Please respect the uppercase/lowercase letters.";No capital in the title (only at the beginning of the first word of the title, for proper nouns, name of species?).;/;"Full first name + full last name.
The names are separated by commas, except for the last one, which is preceded by ?and?.
There is no full stop at the end of the list of authors.
Example:
Yi-Ping Wang1, Shi-Chuang Jiang1,2,* and Dong Sun39";"The list must be numbered if there is more than one affiliation.
There must be at least one address for each author.
The city and country must be included in the address.
No full stop at the end of the addresses and after acronyms (example: USA, PR China, UK, PO Box?).
Example:
1 School of Optoelectronic and Communication Engineering, Xiamen University of Technology, Xiamen 361024, PR China
2 Fujian Key Laboratory of Optoelectronic Technology and Devices, Xiamen University of Technology, Xiamen 361024, PR China";"Put this symbol ?*? after the name of the corresponding author.
Add this footnote: * Corresponding author: [e-mail of the corresponding author]";"When two authors contributed equally to the manuscript, add this symbol ??? after the names of each author.
Add this footnote: ? These authors contributed equally.";;Received: XX Month XXXX / Accepted: XX Month XXXX;The abstract is preceded by ?Abstract ?? in bold.;"Keywords: keyword 1 / keyword 2 / keyword 3?
?Keywords:? is in bold with an uppercase letter at the start. The keywords are all lowercase.";The translated abstract is preceded by ?R‚sum‚ ?? in bold.;"Centered and at the top of every page.
[Initial + surname of the first author ] et al.: [Journal shortened name], Volume(Issue), Page numbers([Year])
Example: S. Mathy et al.: J. Eur. Opt. Society-Rapid Publ., 22(1), 78-82, 2026";"The sections are numbered in Arabic numerals.
Example: 
1 Introduction
2 Theory";The main text of the article should be typeset in font size 10.;The main text should be typeset into one column.;"Latin terms must appear in italic font (e.g., i.e., cf., et al., in situ, versus, vs., ab initio, a priori, via, in vitro, ad hoc, ...); unbreakable spaces within.";"The standard rules for abbreviation must be followed : https://www.scribbr.com/academic-writing/abbreviations-and-acronyms/.
2. When the authors use an abbreviation for the first time, the authors need to present both the spelled-out version and the short form. 
3. In the spelled-out version, capital letter for the initial letter of each word is only needed for the names of organization or person.";"All measurements, data and symbols (variables) should be given using international norms (ISO) and should always be written in italic.
SI units should be used: the unit ""litre"" should be abbreviated as ""L"" (also mL, æL, etc.), minutes as min, degrees as øC or K. All units should be typeset in roman. There must have a space between a number and its unit.
Equations that are referred to in the text should be numbered with the number on the right-hand side and should be numbered sequentially throughout the text (i.e., (1), (2), (3)). There is no punctuation at the end.";"All figures must be cited within the text.
?	Figures should be numbered sequentially as Figure 1, Figure 2, etc. 
?	They are referred to in the text as Figure 1, Figure 2,  (Fig. 1) etc.
?	Captions should be placed below the figure. The caption is mandatory. There must be a full-stop at the end.";"All tables must be cited within the text.
?	Tables should be numbered sequentially as Table 1, Table 2, etc. 
?	They are referred to in the text as Table 1, Table 2,  (Tab. 1) etc.
?	Captions should be placed above the table. The caption is mandatory. There must be a full-stop at the end.
?	Vertical lines are not permitted; horizontal lines should be kept to a minimum.";"Final sections are inserted just after the conclusion and just before the references.
The titles of the final sections should use the same font as the titles of other sections. The titles and the paragraphs of the final sections should be typeset in font size 9.
To know which final sections are mandatory, kindly check the [final section table].
The possible Final Declarations are:

?	Acknowledgments
?	Funding
If no funding has been provided, please include the statement ""This research did not receive any specific funding"".
?	Conflicts of interest
If no conflict of interest has been provided, please include the statement ""The authors declare that they have no competing interests to report"".
?	Data availability statement
There is a limited phrasing accepted for the Data availability statement, only one of the 5 below:
-	The research data associated with this article are available in [Name of public data repository], under the reference [DOI or other data identifier][1]
-	The research data are available on request from the authors
-	The research data associated with this article are included within the article
-	This article has no associated data generated and/or analyzed
-	Data associated with this article cannot be disclosed due to legal/ethical/other reason.
?	Author contribution statement";"Supplementary material appears after the final statements, before the references.
Example:
Supplementary Material
Name of the Supplementary Material. Short description (optional).
The supplementary material of this article is available at https://[journal]/[DOI]/olm.";"All references in the bibliographical index must correspond to the references cited in the text and vice versa. If not, ask the author when sending the proof.
All references must be numbered.

Remarks :
-	The titles of books and journals are not capitalized. 
-	No journal name begins with ?The?. 
Keep the DOI number if provided.

The journal uses the IEEE style:
https://pitt.libguides.com/citationhelp/ieee";"The citation box is right after the references.
Cite this article as: [Initial]. [Name], ?[Title of the article,]?, [Name of the journal], vol. [Volume], pp. [Pagination], [Month] [Year].
Example: G. Liu, K. Y. Lee, and H. F. Jordan, ""TDM and TWDM de Bruijn networks and shufflenets for optical communications,"" IEEE Trans. Comp., vol. 46, pp. 695-701, June 1997.";"The Appendices or Annexes are after the references.
They are in font size 9 pt.";The S2O box is placed right at the end of the article.
mmnp;"[Journal shortened name], Volume, Article number ([Year])
Example: J. Eur. Opt. Society-Rapid Publ., 22, 62, 2044";"¸ [Name of the authors], Published by EDP Sciences, [Year] 
Example: J.M. Bertho and M. Bourguignon, Published by EDP Sciences, 2026
?	If there is one author : ¸ [Initial + Surname], Published by EDP Sciences, [Year] 
?	If there are two authors: ¸ [Initial + Surname and Initial + Surname], Published by EDP Sciences, [Year] 
?	If there are three or more authors: ¸ [Initial + Surname et al.], Published by EDP Sciences, [Year] ";"There must always be :
?	At the top of the page : the ?Open Access? logo
?	At the bottom of the page : the mention ?This is an Open Access article distributed under the terms of the Creative Commons Attribution License (https://creativecommons.org/licenses/by/4.0), which permits unrestricted use, distribution, and reproduction in any medium, provided the original work is properly cited. ?";"If the article belongs to a Special Issue or a Topical Issue, the name of the Special Issue should appear above the banner, like so:
Special Issue/Topical Issue - [Name of the Special Issue/Topical Issue]
Guest Editors: [Names of the Guest Editors]
The font should be the same as that of the main text.";"The article type is displayed on the banner, on the left.
It must be written identically to what is in SAGA. Please respect the uppercase/lowercase letters.";No capital in the title (only at the beginning of the first word of the title, for proper nouns, name of species?).;/;"Full first name + full last name.
The names are separated by commas, except for the last one, which is preceded by ?and?.
There is no full stop at the end of the list of authors.
Example:
Yi-Ping Wang1, Shi-Chuang Jiang1,2,* and Dong Sun40";"The list must be numbered if there is more than one affiliation.
There must be at least one address for each author.
The city and country must be included in the address.
No full stop at the end of the addresses and after acronyms (example: USA, PR China, UK, PO Box?).
Example:
1 School of Optoelectronic and Communication Engineering, Xiamen University of Technology, Xiamen 361024, PR China
2 Fujian Key Laboratory of Optoelectronic Technology and Devices, Xiamen University of Technology, Xiamen 361024, PR China";"Put this symbol ?*? after the name of the corresponding author.
Add this footnote: * Corresponding author: [e-mail of the corresponding author]";"When two authors contributed equally to the manuscript, add this symbol ??? after the names of each author.
Add this footnote: ? These authors contributed equally.";;Received: XX Month XXXX / Accepted: XX Month XXXX;The abstract is preceded by ?Abstract ?? in bold.;"Keywords: keyword 1 / keyword 2 / keyword 3?
?Keywords:? is in bold with an uppercase letter at the start. The keywords are all lowercase.";The translated abstract is preceded by ?R‚sum‚ ?? in bold.;"Centered and at the top of every page.
[Initial + surname of the first author ] et al.: [Journal shortened name], Volume, Article number ([Year])
Example: S. Mathy et al.: J. Eur. Opt. Society-Rapid Publ., 22, 62, 2026
[Initial + surname of the first author ] et al.: [Journal shortened name], Volume, Article number ([Year])
Example: S. Mathy et al.: J. Eur. Opt. Society-Rapid Publ., 22, 62, 2042";"The sections are numbered in Arabic numerals.
Example: 
1 Introduction
2 Theory";The main text of the article should be typeset in font size 10.;The main text should be typeset into one column.;"Latin terms must appear in italic font (e.g., i.e., cf., et al., in situ, versus, vs., ab initio, a priori, via, in vitro, ad hoc, ...); unbreakable spaces within.";"The standard rules for abbreviation must be followed : https://www.scribbr.com/academic-writing/abbreviations-and-acronyms/.
2. When the authors use an abbreviation for the first time, the authors need to present both the spelled-out version and the short form. 
3. In the spelled-out version, capital letter for the initial letter of each word is only needed for the names of organization or person.";"All measurements, data and symbols (variables) should be given using international norms (ISO) and should always be written in italic.
SI units should be used: the unit ""litre"" should be abbreviated as ""L"" (also mL, æL, etc.), minutes as min, degrees as øC or K. All units should be typeset in roman. There must have a space between a number and its unit.
Equations that are referred to in the text should be numbered with the number on the right-hand side and should be numbered sequentially throughout the text (i.e., (1), (2), (3)). There is no punctuation at the end.";"All figures must be cited within the text.
?	Figures should be numbered sequentially as Figure 1, Figure 2, etc. 
?	They are referred to in the text as Figure 1, Figure 2,  (Fig. 1) etc.
?	Captions should be placed below the figure. The caption is mandatory. There must be a full-stop at the end.";"All tables must be cited within the text.
?	Tables should be numbered sequentially as Table 1, Table 2, etc. 
?	They are referred to in the text as Table 1, Table 2,  (Tab. 1) etc.
?	Captions should be placed above the table. The caption is mandatory. There must be a full-stop at the end.
?	Vertical lines are not permitted; horizontal lines should be kept to a minimum.";"Final sections are inserted just after the conclusion and just before the references.
The titles of the final sections should use the same font as the titles of other sections. The titles and the paragraphs of the final sections should be typeset in font size 9.
To know which final sections are mandatory, kindly check the [final section table].
The possible Final Declarations are:

?	Acknowledgments
?	Funding
If no funding has been provided, please include the statement ""This research did not receive any specific funding"".
?	Conflicts of interest
If no conflict of interest has been provided, please include the statement ""The authors declare that they have no competing interests to report"".
?	Data availability statement
There is a limited phrasing accepted for the Data availability statement, only one of the 5 below:
-	The research data associated with this article are available in [Name of public data repository], under the reference [DOI or other data identifier][1]
-	The research data are available on request from the authors
-	The research data associated with this article are included within the article
-	This article has no associated data generated and/or analyzed
-	Data associated with this article cannot be disclosed due to legal/ethical/other reason.
?	Author contribution statement";"Supplementary material appears after the final statements, before the references.
Example:
Supplementary Material
Name of the Supplementary Material. Short description (optional).
The supplementary material of this article is available at https://[journal]/[DOI]/olm.";"All references in the bibliographical index must correspond to the references cited in the text and vice versa. If not, ask the author when sending the proof.
All references must be numbered.

Remarks :
-	The titles of books and journals are not capitalized. 
-	No journal name begins with ?The?. 
Keep the DOI number if provided.

The journal uses the IEEE style:
https://pitt.libguides.com/citationhelp/ieee";"The citation box is right after the references.
Cite this article as: [Initial]. [Name], ?[Title of the article,]?, [Name of the journal], vol. [Volume], pp. [Pagination], [Month] [Year].
Example: G. Liu, K. Y. Lee, and H. F. Jordan, ""TDM and TWDM de Bruijn networks and shufflenets for optical communications,"" IEEE Trans. Comp., vol. 46, pp. 695-701, June 1997.";"The Appendices or Annexes are after the references.
They are in font size 9 pt.";The S2O box is placed right at the end of the article.
rairo-ro;"[Journal shortened name], Volume(Issue), Page numbers([Year])
Example: J. Eur. Opt. Society-Rapid Publ., 22(1), 78-82, 2026";"¸ [Name of the authors], Published by EDP Sciences, [Year] 
Example: J.M. Bertho and M. Bourguignon, Published by EDP Sciences, 2026
?	If there is one author : ¸ [Initial + Surname], Published by EDP Sciences, [Year] 
?	If there are two authors: ¸ [Initial + Surname and Initial + Surname], Published by EDP Sciences, [Year] 
?	If there are three or more authors: ¸ [Initial + Surname et al.], Published by EDP Sciences, [Year] ";"There must always be :
?	At the top of the page : the ?Open Access? logo
?	At the bottom of the page : the mention ?This is an Open Access article distributed under the terms of the Creative Commons Attribution License (https://creativecommons.org/licenses/by/4.0), which permits unrestricted use, distribution, and reproduction in any medium, provided the original work is properly cited. ?";"If the article belongs to a Special Issue or a Topical Issue, the name of the Special Issue should appear above the banner, like so:
Special Issue/Topical Issue - [Name of the Special Issue/Topical Issue]
Guest Editors: [Names of the Guest Editors]
The font should be the same as that of the main text.";"The article type is displayed on the banner, on the left.
It must be written identically to what is in SAGA. Please respect the uppercase/lowercase letters.";No capital in the title (only at the beginning of the first word of the title, for proper nouns, name of species?).;/;"Full first name + full last name.
The names are separated by commas, except for the last one, which is preceded by ?and?.
There is no full stop at the end of the list of authors.
Example:
Yi-Ping Wang1, Shi-Chuang Jiang1,2,* and Dong Sun41";"The list must be numbered if there is more than one affiliation.
There must be at least one address for each author.
The city and country must be included in the address.
No full stop at the end of the addresses and after acronyms (example: USA, PR China, UK, PO Box?).
Example:
1 School of Optoelectronic and Communication Engineering, Xiamen University of Technology, Xiamen 361024, PR China
2 Fujian Key Laboratory of Optoelectronic Technology and Devices, Xiamen University of Technology, Xiamen 361024, PR China";"Put this symbol ?*? after the name of the corresponding author.
Add this footnote: * Corresponding author: [e-mail of the corresponding author]";"When two authors contributed equally to the manuscript, add this symbol ??? after the names of each author.
Add this footnote: ? These authors contributed equally.";;Received: XX Month XXXX / Accepted: XX Month XXXX;The abstract is preceded by ?Abstract ?? in bold.;"Keywords: keyword 1 / keyword 2 / keyword 3?
?Keywords:? is in bold with an uppercase letter at the start. The keywords are all lowercase.";The translated abstract is preceded by ?R‚sum‚ ?? in bold.;"Centered and at the top of every page.
[Initial + surname of the first author ] et al.: [Journal shortened name], Volume(Issue), Page numbers([Year])
Example: S. Mathy et al.: J. Eur. Opt. Society-Rapid Publ., 22(1), 78-82, 2026";"The sections are numbered in Arabic numerals.
Example: 
1 Introduction
2 Theory";The main text of the article should be typeset in font size 10.;The main text should be typeset into one column.;"Latin terms must appear in italic font (e.g., i.e., cf., et al., in situ, versus, vs., ab initio, a priori, via, in vitro, ad hoc, ...); unbreakable spaces within.";"The standard rules for abbreviation must be followed : https://www.scribbr.com/academic-writing/abbreviations-and-acronyms/.
2. When the authors use an abbreviation for the first time, the authors need to present both the spelled-out version and the short form. 
3. In the spelled-out version, capital letter for the initial letter of each word is only needed for the names of organization or person.";"All measurements, data and symbols (variables) should be given using international norms (ISO) and should always be written in italic.
SI units should be used: the unit ""litre"" should be abbreviated as ""L"" (also mL, æL, etc.), minutes as min, degrees as øC or K. All units should be typeset in roman. There must have a space between a number and its unit.
Equations that are referred to in the text should be numbered with the number on the right-hand side and should be numbered sequentially throughout the text (i.e., (1), (2), (3)). There is no punctuation at the end.";"All figures must be cited within the text.
?	Figures should be numbered sequentially as Figure 1, Figure 2, etc. 
?	They are referred to in the text as Figure 1, Figure 2,  (Fig. 1) etc.
?	Captions should be placed below the figure. The caption is mandatory. There must be a full-stop at the end.";"All tables must be cited within the text.
?	Tables should be numbered sequentially as Table 1, Table 2, etc. 
?	They are referred to in the text as Table 1, Table 2,  (Tab. 1) etc.
?	Captions should be placed above the table. The caption is mandatory. There must be a full-stop at the end.
?	Vertical lines are not permitted; horizontal lines should be kept to a minimum.";"Final sections are inserted just after the conclusion and just before the references.
The titles of the final sections should use the same font as the titles of other sections. The titles and the paragraphs of the final sections should be typeset in font size 9.
To know which final sections are mandatory, kindly check the [final section table].
The possible Final Declarations are:

?	Acknowledgments
?	Funding
If no funding has been provided, please include the statement ""This research did not receive any specific funding"".
?	Conflicts of interest
If no conflict of interest has been provided, please include the statement ""The authors declare that they have no competing interests to report"".
?	Data availability statement
There is a limited phrasing accepted for the Data availability statement, only one of the 5 below:
-	The research data associated with this article are available in [Name of public data repository], under the reference [DOI or other data identifier][1]
-	The research data are available on request from the authors
-	The research data associated with this article are included within the article
-	This article has no associated data generated and/or analyzed
-	Data associated with this article cannot be disclosed due to legal/ethical/other reason.
?	Author contribution statement";"Supplementary material appears after the final statements, before the references.
Example:
Supplementary Material
Name of the Supplementary Material. Short description (optional).
The supplementary material of this article is available at https://[journal]/[DOI]/olm.";"All references in the bibliographical index must correspond to the references cited in the text and vice versa. If not, ask the author when sending the proof.
All references must be numbered.

Remarks :
-	The titles of books and journals are not capitalized. 
-	No journal name begins with ?The?. 
Keep the DOI number if provided.

The journal uses the IEEE style:
https://pitt.libguides.com/citationhelp/ieee";"The citation box is right after the references.
Cite this article as: [Initial]. [Name], ?[Title of the article,]?, [Name of the journal], vol. [Volume], pp. [Pagination], [Month] [Year].
Example: G. Liu, K. Y. Lee, and H. F. Jordan, ""TDM and TWDM de Bruijn networks and shufflenets for optical communications,"" IEEE Trans. Comp., vol. 46, pp. 695-701, June 1997.";"The Appendices or Annexes are after the references.
They are in font size 9 pt.";The S2O box is placed right at the end of the article.
rairo-ita;"[Journal shortened name], Volume, Article number ([Year])
Example: J. Eur. Opt. Society-Rapid Publ., 22, 62, 2044";"¸ [Name of the authors], Published by EDP Sciences, [Year] 
Example: J.M. Bertho and M. Bourguignon, Published by EDP Sciences, 2026
?	If there is one author : ¸ [Initial + Surname], Published by EDP Sciences, [Year] 
?	If there are two authors: ¸ [Initial + Surname and Initial + Surname], Published by EDP Sciences, [Year] 
?	If there are three or more authors: ¸ [Initial + Surname et al.], Published by EDP Sciences, [Year] ";"There must always be :
?	At the top of the page : the ?Open Access? logo
?	At the bottom of the page : the mention ?This is an Open Access article distributed under the terms of the Creative Commons Attribution License (https://creativecommons.org/licenses/by/4.0), which permits unrestricted use, distribution, and reproduction in any medium, provided the original work is properly cited. ?";"If the article belongs to a Special Issue or a Topical Issue, the name of the Special Issue should appear above the banner, like so:
Special Issue/Topical Issue - [Name of the Special Issue/Topical Issue]
Guest Editors: [Names of the Guest Editors]
The font should be the same as that of the main text.";"The article type is displayed on the banner, on the left.
It must be written identically to what is in SAGA. Please respect the uppercase/lowercase letters.";No capital in the title (only at the beginning of the first word of the title, for proper nouns, name of species?).;/;"Full first name + full last name.
The names are separated by commas, except for the last one, which is preceded by ?and?.
There is no full stop at the end of the list of authors.
Example:
Yi-Ping Wang1, Shi-Chuang Jiang1,2,* and Dong Sun42";"The list must be numbered if there is more than one affiliation.
There must be at least one address for each author.
The city and country must be included in the address.
No full stop at the end of the addresses and after acronyms (example: USA, PR China, UK, PO Box?).
Example:
1 School of Optoelectronic and Communication Engineering, Xiamen University of Technology, Xiamen 361024, PR China
2 Fujian Key Laboratory of Optoelectronic Technology and Devices, Xiamen University of Technology, Xiamen 361024, PR China";"Put this symbol ?*? after the name of the corresponding author.
Add this footnote: * Corresponding author: [e-mail of the corresponding author]";"When two authors contributed equally to the manuscript, add this symbol ??? after the names of each author.
Add this footnote: ? These authors contributed equally.";;Received: XX Month XXXX / Accepted: XX Month XXXX;The abstract is preceded by ?Abstract ?? in bold.;"Keywords: keyword 1 / keyword 2 / keyword 3?
?Keywords:? is in bold with an uppercase letter at the start. The keywords are all lowercase.";The translated abstract is preceded by ?R‚sum‚ ?? in bold.;"Centered and at the top of every page.
[Initial + surname of the first author ] et al.: [Journal shortened name], Volume, Article number ([Year])
Example: S. Mathy et al.: J. Eur. Opt. Society-Rapid Publ., 22, 62, 2026
[Initial + surname of the first author ] et al.: [Journal shortened name], Volume, Article number ([Year])
Example: S. Mathy et al.: J. Eur. Opt. Society-Rapid Publ., 22, 62, 2042";"The sections are numbered in Arabic numerals.
Example: 
1 Introduction
2 Theory";The main text of the article should be typeset in font size 10.;The main text should be typeset into one column.;"Latin terms must appear in italic font (e.g., i.e., cf., et al., in situ, versus, vs., ab initio, a priori, via, in vitro, ad hoc, ...); unbreakable spaces within.";"The standard rules for abbreviation must be followed : https://www.scribbr.com/academic-writing/abbreviations-and-acronyms/.
2. When the authors use an abbreviation for the first time, the authors need to present both the spelled-out version and the short form. 
3. In the spelled-out version, capital letter for the initial letter of each word is only needed for the names of organization or person.";"All measurements, data and symbols (variables) should be given using international norms (ISO) and should always be written in italic.
SI units should be used: the unit ""litre"" should be abbreviated as ""L"" (also mL, æL, etc.), minutes as min, degrees as øC or K. All units should be typeset in roman. There must have a space between a number and its unit.
Equations that are referred to in the text should be numbered with the number on the right-hand side and should be numbered sequentially throughout the text (i.e., (1), (2), (3)). There is no punctuation at the end.";"All figures must be cited within the text.
?	Figures should be numbered sequentially as Figure 1, Figure 2, etc. 
?	They are referred to in the text as Figure 1, Figure 2,  (Fig. 1) etc.
?	Captions should be placed below the figure. The caption is mandatory. There must be a full-stop at the end.";"All tables must be cited within the text.
?	Tables should be numbered sequentially as Table 1, Table 2, etc. 
?	They are referred to in the text as Table 1, Table 2,  (Tab. 1) etc.
?	Captions should be placed above the table. The caption is mandatory. There must be a full-stop at the end.
?	Vertical lines are not permitted; horizontal lines should be kept to a minimum.";"Final sections are inserted just after the conclusion and just before the references.
The titles of the final sections should use the same font as the titles of other sections. The titles and the paragraphs of the final sections should be typeset in font size 9.
To know which final sections are mandatory, kindly check the [final section table].
The possible Final Declarations are:

?	Acknowledgments
?	Funding
If no funding has been provided, please include the statement ""This research did not receive any specific funding"".
?	Conflicts of interest
If no conflict of interest has been provided, please include the statement ""The authors declare that they have no competing interests to report"".
?	Data availability statement
There is a limited phrasing accepted for the Data availability statement, only one of the 5 below:
-	The research data associated with this article are available in [Name of public data repository], under the reference [DOI or other data identifier][1]
-	The research data are available on request from the authors
-	The research data associated with this article are included within the article
-	This article has no associated data generated and/or analyzed
-	Data associated with this article cannot be disclosed due to legal/ethical/other reason.
?	Author contribution statement";"Supplementary material appears after the final statements, before the references.
Example:
Supplementary Material
Name of the Supplementary Material. Short description (optional).
The supplementary material of this article is available at https://[journal]/[DOI]/olm.";"All references in the bibliographical index must correspond to the references cited in the text and vice versa. If not, ask the author when sending the proof.
All references must be numbered.

Remarks :
-	The titles of books and journals are not capitalized. 
-	No journal name begins with ?The?. 
Keep the DOI number if provided.

The journal uses the IEEE style:
https://pitt.libguides.com/citationhelp/ieee";"The citation box is right after the references.
Cite this article as: [Initial]. [Name], ?[Title of the article,]?, [Name of the journal], vol. [Volume], pp. [Pagination], [Month] [Year].
Example: G. Liu, K. Y. Lee, and H. F. Jordan, ""TDM and TWDM de Bruijn networks and shufflenets for optical communications,"" IEEE Trans. Comp., vol. 46, pp. 695-701, June 1997.";"The Appendices or Annexes are after the references.
They are in font size 9 pt.";The S2O box is placed right at the end of the article.
medsci;"[Journal shortened name], Volume(Issue), Page numbers([Year])
Example: J. Eur. Opt. Society-Rapid Publ., 22(1), 78-82, 2026";"¸ [Name of the authors], Published by EDP Sciences, [Year] 
Example: J.M. Bertho and M. Bourguignon, Published by EDP Sciences, 2026
?	If there is one author : ¸ [Initial + Surname], Published by EDP Sciences, [Year] 
?	If there are two authors: ¸ [Initial + Surname and Initial + Surname], Published by EDP Sciences, [Year] 
?	If there are three or more authors: ¸ [Initial + Surname et al.], Published by EDP Sciences, [Year] ";/;"If the article belongs to a Special Issue or a Topical Issue, the name of the Special Issue should appear above the banner, like so:
Special Issue/Topical Issue - [Name of the Special Issue/Topical Issue]
Guest Editors: [Names of the Guest Editors]
The font should be the same as that of the main text.";"The article type is displayed on the banner, on the left.
It must be written identically to what is in SAGA. Please respect the uppercase/lowercase letters.";No capital in the title (only at the beginning of the first word of the title, for proper nouns, name of species?).;"No capital in the title (only at the beginning of the first word of the title, for proper nouns, name of species?).
The translated title is set in bold at the beginning of the translated abstract.";"Full first name + full last name.
The names are separated by commas, except for the last one, which is preceded by ?and?.
There is no full stop at the end of the list of authors.
Example:
Yi-Ping Wang1, Shi-Chuang Jiang1,2,* and Dong Sun43";"The list must be numbered if there is more than one affiliation.
There must be at least one address for each author.
The city and country must be included in the address.
No full stop at the end of the addresses and after acronyms (example: USA, PR China, UK, PO Box?).
Example:
1 School of Optoelectronic and Communication Engineering, Xiamen University of Technology, Xiamen 361024, PR China
2 Fujian Key Laboratory of Optoelectronic Technology and Devices, Xiamen University of Technology, Xiamen 361024, PR China";"Put this symbol ?*? after the name of the corresponding author.
Add this footnote: * Corresponding author: [e-mail of the corresponding author]";"When two authors contributed equally to the manuscript, add this symbol ??? after the names of each author.
Add this footnote: ? These authors contributed equally.";;Received: XX Month XXXX / Accepted: XX Month XXXX;The abstract is preceded by ?Abstract ?? in bold.;"Keywords: keyword 1 / keyword 2 / keyword 3?
?Keywords:? is in bold with an uppercase letter at the start. The keywords are all lowercase.";The translated abstract is preceded by ?R‚sum‚ ?? in bold.;"Centered and at the top of every page.
[Initial + surname of the first author ] et al.: [Journal shortened name], Volume(Issue), Page numbers([Year])
Example: S. Mathy et al.: J. Eur. Opt. Society-Rapid Publ., 22(1), 78-82, 2026";The sections are not numbered.;The main text of the article should be typeset in font size 10.;"The main text should be typeset into two columns, three for the ""nouvelles"".";"Latin terms must appear in italic font (e.g., i.e., cf., et al., in situ, versus, vs., ab initio, a priori, via, in vitro, ad hoc, ...); unbreakable spaces within.";"The standard rules for abbreviation must be followed : https://www.scribbr.com/academic-writing/abbreviations-and-acronyms/.
2. When the authors use an abbreviation for the first time, the authors need to present both the spelled-out version and the short form. 
3. In the spelled-out version, capital letter for the initial letter of each word is only needed for the names of organization or person.";"All measurements, data and symbols (variables) should be given using international norms (ISO) and should always be written in italic.
SI units should be used: the unit ""litre"" should be abbreviated as ""L"" (also mL, æL, etc.), minutes as min, degrees as øC or K. All units should be typeset in roman. There must have a space between a number and its unit.
Equations that are referred to in the text should be numbered with the number on the right-hand side and should be numbered sequentially throughout the text (i.e., (1), (2), (3)). There is no punctuation at the end.";"All figures must be cited within the text.
?	Figures should be numbered sequentially as Figure 1, Figure 2, etc. 
?	They are referred to in the text as Figure 1, Figure 2,  (Fig. 1) etc.
?	Captions should be placed below the figure. The caption is mandatory. There must be a full-stop at the end.";"All tables must be cited within the text.
?	Tables should be numbered sequentially as Table 1, Table 2, etc. 
?	They are referred to in the text as Table 1, Table 2,  (Tab. 1) etc.
?	Captions should be placed above the table. The caption is mandatory. There must be a full-stop at the end.
?	Vertical lines are not permitted; horizontal lines should be kept to a minimum.";"Final sections are inserted just after the conclusion and just before the references.
The titles of the final sections should use the same font as the titles of other sections. The titles and the paragraphs of the final sections should be typeset in font size 9.
To know which final sections are mandatory, kindly check the [final section table].
The possible Final Declarations are:

?	Acknowledgments
?	Funding
If no funding has been provided, please include the statement ""This research did not receive any specific funding"".
?	Conflicts of interest
If no conflict of interest has been provided, please include the statement ""The authors declare that they have no competing interests to report"".
?	Data availability statement
There is a limited phrasing accepted for the Data availability statement, only one of the 5 below:
-	The research data associated with this article are available in [Name of public data repository], under the reference [DOI or other data identifier][1]
-	The research data are available on request from the authors
-	The research data associated with this article are included within the article
-	This article has no associated data generated and/or analyzed
-	Data associated with this article cannot be disclosed due to legal/ethical/other reason.
?	Author contribution statement";"Supplementary material appears after the final statements, before the references.
Example:
Supplementary Material
Name of the Supplementary Material. Short description (optional).
The supplementary material of this article is available at https://[journal]/[DOI]/olm.";"All references in the bibliographical index must correspond to the references cited in the text and vice versa. If not, ask the author when sending the proof.
All references must be numbered.

Remarks :
-	The titles of books and journals are not capitalized. 
-	No journal name begins with ?The?. 
Keep the DOI number if provided.

The journal uses the IEEE style:
https://pitt.libguides.com/citationhelp/ieee";"The citation box is right after the references.
Cite this article as: [Initial]. [Name], ?[Title of the article,]?, [Name of the journal], vol. [Volume], pp. [Pagination], [Month] [Year].
Example: G. Liu, K. Y. Lee, and H. F. Jordan, ""TDM and TWDM de Bruijn networks and shufflenets for optical communications,"" IEEE Trans. Comp., vol. 46, pp. 695-701, June 1997.";"The Appendices or Annexes are after the references.
They are in font size 9 pt.";
jomos;"[Journal shortened name], Volume, Article number ([Year])
Example: J. Eur. Opt. Society-Rapid Publ., 22, 62, 2026";"¸ [Name of the authors], Published by EDP Sciences, [Year] 
Example: J.M. Bertho and M. Bourguignon, Published by EDP Sciences, 2026
?	If there is one author : ¸ [Initial + Surname], Published by EDP Sciences, [Year] 
?	If there are two authors: ¸ [Initial + Surname and Initial + Surname], Published by EDP Sciences, [Year] 
?	If there are three or more authors: ¸ [Initial + Surname et al.], Published by EDP Sciences, [Year] ";"There must always be :
?	At the top of the page : the ?Open Access? logo
?	At the bottom of the page : the mention ?This is an Open Access article distributed under the terms of the Creative Commons Attribution License (https://creativecommons.org/licenses/by/4.0), which permits unrestricted use, distribution, and reproduction in any medium, provided the original work is properly cited. ?";"If the article belongs to a Special Issue or a Topical Issue, the name of the Special Issue should appear above the banner, like so:
Special Issue/Topical Issue - [Name of the Special Issue/Topical Issue]
Guest Editors: [Names of the Guest Editors]
The font should be the same as that of the main text.";"The article type is displayed on the banner, on the left.
It must be written identically to what is in SAGA. Please respect the uppercase/lowercase letters.";No capital in the title (only at the beginning of the first word of the title, for proper nouns, name of species?).;/;"Full first name + full last name.
The names are separated by commas, except for the last one, which is preceded by ?and?.
There is no full stop at the end of the list of authors.
Example:
Yi-Ping Wang1, Shi-Chuang Jiang1,2,* and Dong Sun44";"The list must be numbered if there is more than one affiliation.
There must be at least one address for each author.
The city and country must be included in the address.
No full stop at the end of the addresses and after acronyms (example: USA, PR China, UK, PO Box?).
Example:
1 School of Optoelectronic and Communication Engineering, Xiamen University of Technology, Xiamen 361024, PR China
2 Fujian Key Laboratory of Optoelectronic Technology and Devices, Xiamen University of Technology, Xiamen 361024, PR China";"Put this symbol ?*? after the name of the corresponding author.
Add this footnote: * Corresponding author: [e-mail of the corresponding author]";"When two authors contributed equally to the manuscript, add this symbol ??? after the names of each author.
Add this footnote: ? These authors contributed equally.";;Received: XX Month XXXX / Accepted: XX Month XXXX;The abstract is preceded by ?Abstract ?? in bold.;"Keywords: keyword 1 / keyword 2 / keyword 3?
?Keywords:? is in bold with an uppercase letter at the start. The keywords are all lowercase.";The translated abstract is preceded by ?R‚sum‚ ?? in bold.;"Centered and at the top of every page.
[Initial + surname of the first author ] et al.: [Journal shortened name], Volume, Article number ([Year])
Example: S. Mathy et al.: J. Eur. Opt. Society-Rapid Publ., 22, 62, 2026
[Initial + surname of the first author ] et al.: [Journal shortened name], Volume, Article number ([Year])
Example: S. Mathy et al.: J. Eur. Opt. Society-Rapid Publ., 22, 62, 2042";The sections are not numbered.;The main text of the article should be typeset in font size 10.;The main text should be typeset into two columns.;"Latin terms must appear in italic font (e.g., i.e., cf., et al., in situ, versus, vs., ab initio, a priori, via, in vitro, ad hoc, ...); unbreakable spaces within.";"The standard rules for abbreviation must be followed : https://www.scribbr.com/academic-writing/abbreviations-and-acronyms/.
2. When the authors use an abbreviation for the first time, the authors need to present both the spelled-out version and the short form. 
3. In the spelled-out version, capital letter for the initial letter of each word is only needed for the names of organization or person.";"All measurements, data and symbols (variables) should be given using international norms (ISO) and should always be written in italic.
SI units should be used: the unit ""litre"" should be abbreviated as ""L"" (also mL, æL, etc.), minutes as min, degrees as øC or K. All units should be typeset in roman. There must have a space between a number and its unit.
Equations that are referred to in the text should be numbered with the number on the right-hand side and should be numbered sequentially throughout the text (i.e., (1), (2), (3)). There is no punctuation at the end.";"All figures must be cited within the text.
?	Figures should be numbered sequentially as Figure 1, Figure 2, etc. 
?	They are referred to in the text as Figure 1, Figure 2,  (Fig. 1) etc.
?	Captions should be placed below the figure. The caption is mandatory. There must be a full-stop at the end.";"All tables must be cited within the text.
?	Tables should be numbered sequentially as Table 1, Table 2, etc. 
?	They are referred to in the text as Table 1, Table 2,  (Tab. 1) etc.
?	Captions should be placed above the table. The caption is mandatory. There must be a full-stop at the end.
?	Vertical lines are not permitted; horizontal lines should be kept to a minimum.";"Final sections are inserted just after the conclusion and just before the references.
The titles of the final sections should use the same font as the titles of other sections. The titles and the paragraphs of the final sections should be typeset in font size 9.
To know which final sections are mandatory, kindly check the [final section table].
The possible Final Declarations are:

?	Acknowledgments
?	Funding
If no funding has been provided, please include the statement ""This research did not receive any specific funding"".
?	Conflicts of interest
If no conflict of interest has been provided, please include the statement ""The authors declare that they have no competing interests to report"".
?	Data availability statement
There is a limited phrasing accepted for the Data availability statement, only one of the 5 below:
-	The research data associated with this article are available in [Name of public data repository], under the reference [DOI or other data identifier][1]
-	The research data are available on request from the authors
-	The research data associated with this article are included within the article
-	This article has no associated data generated and/or analyzed
-	Data associated with this article cannot be disclosed due to legal/ethical/other reason.
?	Author contribution statement";"Supplementary material appears after the final statements, before the references.
Example:
Supplementary Material
Name of the Supplementary Material. Short description (optional).
The supplementary material of this article is available at https://[journal]/[DOI]/olm.";"All references in the bibliographical index must correspond to the references cited in the text and vice versa. If not, ask the author when sending the proof.
All references must be numbered.

Remarks :
-	The titles of books and journals are not capitalized. 
-	No journal name begins with ?The?. 
Keep the DOI number if provided.

The journal uses the IEEE style:
https://pitt.libguides.com/citationhelp/ieee";"The citation box is right after the references.
Cite this article as: [Initial]. [Name], ?[Title of the article,]?, [Name of the journal], vol. [Volume], pp. [Pagination], [Month] [Year].
Example: G. Liu, K. Y. Lee, and H. F. Jordan, ""TDM and TWDM de Bruijn networks and shufflenets for optical communications,"" IEEE Trans. Comp., vol. 46, pp. 695-701, June 1997.";"The Appendices or Annexes are after the references.
They are in font size 9 pt.";
ppsy;"[Journal shortened name], Volume(Issue), Page numbers([Year])
Example: J. Eur. Opt. Society-Rapid Publ., 22(1), 78-82, 2026";"¸ [Name of the authors], Published by EDP Sciences, [Year] 
Example: J.M. Bertho and M. Bourguignon, Published by EDP Sciences, 2026
?	If there is one author : ¸ [Initial + Surname], Published by EDP Sciences, [Year] 
?	If there are two authors: ¸ [Initial + Surname and Initial + Surname], Published by EDP Sciences, [Year] 
?	If there are three or more authors: ¸ [Initial + Surname et al.], Published by EDP Sciences, [Year] ";/;"If the article belongs to a Special Issue or a Topical Issue, the name of the Special Issue should appear above the banner, like so:
Special Issue/Topical Issue - [Name of the Special Issue/Topical Issue]
Guest Editors: [Names of the Guest Editors]
The font should be the same as that of the main text.";"The article type is displayed on the banner, on the left.
It must be written identically to what is in SAGA. Please respect the uppercase/lowercase letters.";No capital in the title (only at the beginning of the first word of the title, for proper nouns, name of species?).;/;"Full first name + full last name.
The names are separated by commas, except for the last one, which is preceded by ?and?.
There is no full stop at the end of the list of authors.
Example:
Yi-Ping Wang1, Shi-Chuang Jiang1,2,* and Dong Sun45";"The list must be numbered if there is more than one affiliation.
There must be at least one address for each author.
The city and country must be included in the address.
No full stop at the end of the addresses and after acronyms (example: USA, PR China, UK, PO Box?).
Example:
1 School of Optoelectronic and Communication Engineering, Xiamen University of Technology, Xiamen 361024, PR China
2 Fujian Key Laboratory of Optoelectronic Technology and Devices, Xiamen University of Technology, Xiamen 361024, PR China";"Put this symbol ?*? after the name of the corresponding author.
Add this footnote: * Corresponding author: [e-mail of the corresponding author]";"When two authors contributed equally to the manuscript, add this symbol ??? after the names of each author.
Add this footnote: ? These authors contributed equally.";;Received: XX Month XXXX / Accepted: XX Month XXXX;The abstract is preceded by ?Abstract ?? in bold.;"Keywords: keyword 1 / keyword 2 / keyword 3?
?Keywords:? is in bold with an uppercase letter at the start. The keywords are all lowercase.";The translated abstract is preceded by ?R‚sum‚ ?? in bold.;"Centered and at the top of every page.
[Initial + surname of the first author ] et al.: [Journal shortened name], Volume(Issue), Page numbers([Year])
Example: S. Mathy et al.: J. Eur. Opt. Society-Rapid Publ., 22(1), 78-82, 2026";The sections are not numbered.;The main text of the article should be typeset in font size 10.;The main text should be typeset into two columns.;"Latin terms must appear in italic font (e.g., i.e., cf., et al., in situ, versus, vs., ab initio, a priori, via, in vitro, ad hoc, ...); unbreakable spaces within.";"The standard rules for abbreviation must be followed : https://www.scribbr.com/academic-writing/abbreviations-and-acronyms/.
2. When the authors use an abbreviation for the first time, the authors need to present both the spelled-out version and the short form. 
3. In the spelled-out version, capital letter for the initial letter of each word is only needed for the names of organization or person.";"All measurements, data and symbols (variables) should be given using international norms (ISO) and should always be written in italic.
SI units should be used: the unit ""litre"" should be abbreviated as ""L"" (also mL, æL, etc.), minutes as min, degrees as øC or K. All units should be typeset in roman. There must have a space between a number and its unit.
Equations that are referred to in the text should be numbered with the number on the right-hand side and should be numbered sequentially throughout the text (i.e., (1), (2), (3)). There is no punctuation at the end.";"All figures must be cited within the text.
?	Figures should be numbered sequentially as Figure 1, Figure 2, etc. 
?	They are referred to in the text as Figure 1, Figure 2,  (Fig. 1) etc.
?	Captions should be placed below the figure. The caption is mandatory. There must be a full-stop at the end.";"All tables must be cited within the text.
?	Tables should be numbered sequentially as Table 1, Table 2, etc. 
?	They are referred to in the text as Table 1, Table 2,  (Tab. 1) etc.
?	Captions should be placed above the table. The caption is mandatory. There must be a full-stop at the end.
?	Vertical lines are not permitted; horizontal lines should be kept to a minimum.";"Final sections are inserted just after the conclusion and just before the references.
The titles of the final sections should use the same font as the titles of other sections. The titles and the paragraphs of the final sections should be typeset in font size 9.
To know which final sections are mandatory, kindly check the [final section table].
The possible Final Declarations are:

?	Acknowledgments
?	Funding
If no funding has been provided, please include the statement ""This research did not receive any specific funding"".
?	Conflicts of interest
If no conflict of interest has been provided, please include the statement ""The authors declare that they have no competing interests to report"".
?	Data availability statement
There is a limited phrasing accepted for the Data availability statement, only one of the 5 below:
-	The research data associated with this article are available in [Name of public data repository], under the reference [DOI or other data identifier][1]
-	The research data are available on request from the authors
-	The research data associated with this article are included within the article
-	This article has no associated data generated and/or analyzed
-	Data associated with this article cannot be disclosed due to legal/ethical/other reason.
?	Author contribution statement";"Supplementary material appears after the final statements, before the references.
Example:
Supplementary Material
Name of the Supplementary Material. Short description (optional).
The supplementary material of this article is available at https://[journal]/[DOI]/olm.";"All references in the bibliographical index must correspond to the references cited in the text and vice versa. If not, ask the author when sending the proof.
All references must be numbered.

Remarks :
-	The titles of books and journals are not capitalized. 
-	No journal name begins with ?The?. 
Keep the DOI number if provided.

The journal uses the IEEE style:
https://pitt.libguides.com/citationhelp/ieee";"The citation box is right after the references.
Cite this article as: [Initial]. [Name], ?[Title of the article,]?, [Name of the journal], vol. [Volume], pp. [Pagination], [Month] [Year].
Example: G. Liu, K. Y. Lee, and H. F. Jordan, ""TDM and TWDM de Bruijn networks and shufflenets for optical communications,"" IEEE Trans. Comp., vol. 46, pp. 695-701, June 1997.";"The Appendices or Annexes are after the references.
They are in font size 9 pt.";
